<?xml version="1.0" encoding="UTF-8"?>
<LightningComponentBundle xmlns="http://soap.sforce.com/2006/04/metadata">
    <apiVersion>59.0</apiVersion>
          <isExposed>true</isExposed>

      <masterLabel>BannerTest</masterLabel>
<targets>
  <target>lightning__AppPage</target>
  <target>lightning__RecordPage</target>
  <target>lightning__HomePage</target>
  <target>lightningCommunity__Page</target>
  <target>lightningCommunity__Default</target>
</targets>
  <targetConfigs>

    <targetConfig targets="lightningCommunity__Default" >

        <!-- <property name="backgroundImg" type="String" default="https://images.unsplash.com/photo-1488628075628-e876f502d67a?dpr=1&auto=format&fit=crop&w=1500&h=1000&q=80&cs=tinysrgb&crop=&bg=" label="Background Image" /> -->
        <property name="textContent" type="String" default="There are three ways to ultimate success: The first way is to be kind. The second way is to be kind. The third way is to be kind." label="Text On Image" />

              <property name="textContentClr" type="Color" default="#fff" label="Text Color" />

    </targetConfig>
  </targetConfigs>
</LightningComponentBundle>