<?xml version="1.0" encoding="UTF-8"?>
<LightningComponentBundle xmlns="http://soap.sforce.com/2006/04/metadata">
    <apiVersion>59.0</apiVersion>
        <isExposed>true</isExposed>
     <targets>
        <target>lightning__AppPage</target>
        <target>lightning__RecordPage</target>
        <target>lightning__HomePage</target>
        <target>lightningCommunity__Page</target>
        <target>lightningCommunity__Default</target>
    </targets> 
     <targetConfigs>

    <targetConfig targets="lightningCommunity__Default">

    <property name="backgroundImageUrl1" type="String" default="https://demo.themeregion.com/seeker/images/bg/banner.jpg" label="Banner Background Image"/>

    <property name="heading" type="string" default="Find the Job That Fits Your Life" label=" Theme 1 Heading" /> 

    <property name="headingClr1" type="Color" default="#fff" label="Theme 1 Heading Color"/>

    <property name="subheading" type="string" default="A better career is out there. We'll help you find it. We're your first step to becoming everything you want to be." label=" Theme 1 Sub Heading" /> 

    <property name="subHeadingClr1" type="Color" default="#fff" label="Theme 1 Sub Heading Color"/>


    <property name="filterBackGroundClr" type="Color" default="#fff" label="Theme 1 Filter Background Color"/>

    <property name="filterPlaceholderClr" type="Color" default="#000" label="Theme 1 Filter Placeholder Color"/>

    <property name="searchBarBackgroundClr" type="Color" default="#A9A9A9" label="Theme 1 Search Bar Background Color"/>

    <property name="searchBarPlaceHolderClr" type="Color" default="#fff" label="Theme 1 Search Bar Placeholder Color"/>

    <property name="searchBarTextClr" type="Color" default="#fff" label="Theme 1 Search Bar Text Color"/>

    <!-- <property name="searchResultMsgClr" type="Color" default="#000" label="Theme 1 Search Result Message Color"/> -->


    <property name="cardHeadingColor" type="Color" default="#656565" label="Theme 1 Card Heading Color"/>

    <property name="cardSubHeadingColor" type="Color" default="#777" label="Theme 1 Card Sub Heading Color"/>



    <property name="cardButtonColor" type="Color" default="#fff" label="Theme 1 Card Button Color"/>

    <property name="cardButtonTextColor" type="Color" default="#494949" label="Theme 1 Card Button Text Color"/>

    <property name="cardButtonBorderColor" type="Color" default="#494949" label="Theme 1 Card Button Border Color"/>

    <property name="cardButtonColorOnHover" type="Color" default="#494949" label="Theme 1 Card Button Color On Hover"/>

    <property name="cardButtonTextColorOnHover" type="Color" default="#fff" label="Theme 1 Card Button Text Color On Hover"/>

    <property name="cardButtonBorderColorOnHover" type="Color" default="#494949" label="Theme 1 Card Button Border Color On Hover"/>


    <property name="cardLeftBorderColorOnHover" type="Color" default="#000" label="Theme 1 Card Left Border Color On Hover"/>

<!-- 
    <property name="templatePage1" type="String" label=" Theme 1 Template Api Name" default="NewTemplate__c" />  -->



    </targetConfig>
    
    </targetConfigs>
</LightningComponentBundle>