<?xml version="1.0" encoding="UTF-8"?>
<LightningComponentBundle xmlns="http://soap.sforce.com/2006/04/metadata">
    <apiVersion>59.0</apiVersion>
    <isExposed>true</isExposed>
    <masterLabel>Vertical Timeline</masterLabel>
    <targets>
         <target>lightning__HomePage</target>
        <target>lightningCommunity__Page</target>
        <target>lightningCommunity__Default</target>
    </targets>
    <targetConfigs>
        <targetConfig targets="lightningCommunity__Default">
            <property name="selectTheme" label="Select Timeline Theme" type="String" default="Theme 1" datasource="Theme 1,Theme 2"/>
            <property name="timelineBgclr" label="Timeline Popup Background Color" type="Color" default="#fff"/>
            <property name="popUpheadingclr" label="Timeline Popup Heading Color" type="Color" default="#333"/>
            <property name="popUpDateBgclr" label="Timeline Popup Date Background Color" type="Color" default="#fff"/>
            <property name="popUpDateclr" label="Timeline Popup Date Color" type="Color" default="#333"/>
            <property name="btnbgColor" type="Color" label="Theme 1st Button Background Color" default="#fff"/>
            <property name="btnColor" type="Color" label="Theme 1st Button Color" default="#333"/>
            <property name="theme2btnbgColor" type="Color" label="Theme 2nd Button Background Color" default="#fff"/>
            <property name="theme2btnColor" type="Color" label="Theme 2nd Button Color" default="#333"/>
            <property name="theme1stHeading" type="String" label="Theme 1st Heading" default="Blog and News Feed"/>
            <property name="theme1stHeadingColor" type="Color" label="Theme 1st Heading Color" default="#333"/>
            <property name="theme1stSubheading" type="Color" label="Theme 1st Sub Heading Color" default="#333"/>
            <property name="theme1stParagraph" type="String" label="Theme 1st Paragraph"/>
            <property name="theme1headingfontsize" type="String" label="Theme 1st Font Size" default="2rem"/>
            <property name="theme2heading" type="String" label="Theme 2nd Heading"/>
            <property name="theme2HeadingClr" type="Color" label="Theme 2nd Heading Color" default="#333"/>
            <property name="theme2Paragraph" type="String" label="Theme 2nd Paragraph"/>
            <property name="theme2Subheading" type="Color" label="Theme 2nd Sub Heading Color" default="#333"/>
            <property name="theme2headingfontsize" type="String" label="Theme 2nd Font Size" default="2rem"/>
        </targetConfig>
    </targetConfigs>
</LightningComponentBundle>