<?xml version="1.0" encoding="UTF-8"?>
<LightningComponentBundle xmlns="http://soap.sforce.com/2006/04/metadata">
    <apiVersion>58.0</apiVersion>
    <isExposed>true</isExposed>
     <targets>
        <target>lightning__AppPage</target>
        <target>lightning__RecordPage</target>
        <target>lightning__HomePage</target>
        <target>lightningCommunity__Page</target>
        <target>lightningCommunity__Default</target>
    </targets>
    <targetConfigs>
            <targetConfig targets="lightningCommunity__Default">

            <property name="heading" type="String" label="Enter Heading "/>
            <property name="headingclr" type="Color"  default="#4F6592"  label="Change Heading color" /> 
            <property name="headingsize" type="String"  default="36px"  label="Change Heading Size" /> 
            <property name="content" type="String" label="Enter Content "/>
            <property name="contentclr" type="Color"  default="#5F77A7"  label="Change Content color" /> 
            <property name="contentsize" type="String"  default="18px"  label="Change Content size" /> 
            <property name="Image" type="String"   label="Enter the image url" /> 

<!-- first feature property -->
            <property name="title" type="String" label="Enter first features title "/>
            <property name="titlecolor" type="Color" default="#4F6592" label="Change title Color "/>
            <property name="feature" type="String" label="Enter first features Content"/>
            <property name="featurecolor" type="Color" default='#5F77A7' label="Change feature content Color "/>
<!-- Second feature property -->
            <property name="title2" type="String" label="Enter Second features title "/> 
              <property name="titlecolor1" type="Color" default="#4F6592"  label="Change title Color "/>    
            <property name="feature2" type="String" label="Enter Second features Content"/>
             <property name="featurecolor1" type="Color" default='#5F77A7' label="Change feature content Color "/>
<!-- third feature property -->  
            <property name="title3" type="String" label="Enter third features title "/>    
              <property name="titlecolor2" type="Color" default="#4F6592" label="Change title Color "/> 
            <property name="feature3" type="String" label="Enter third features Content"/>
             <property name="featurecolor2" type="Color" default='#5F77A7' label="Change feature content Color "/>
<!-- four feature property -->
            <property name="title4" type="String" label="Enter four features title "/>    
              <property name="titlecolor3" type="Color" default="#4F6592" label="Change title Color "/> 
            <property name="feature4" type="String" label="Enter four features Content"/>
             <property name="featurecolor3" type="Color" default='#5F77A7' label="Change feature content Color "/>
<!-- five feature property -->
            <property name="title5" type="String" label="Enter fifth features title "/>  
              <property name="titlecolor4" type="Color" default="#4F6592" label="Change title Color "/>   
            <property name="feature5" type="String" label="Enter fifth features Content"/>
             <property name="featurecolor4" type="Color" default='#5F77A7' label="Change feature content Color "/>
<!-- sixth feature property -->
            <property name="title6" type="String" label="Enter six features title "/>     
              <property name="titlecolor5" type="Color" default="#4F6592" label="Change title Color "/>
            <property name="feature6" type="String" label="Enter six features Content"/>
             <property name="featurecolor5" type="Color" default='#5F77A7' label="Change feature content Color "/>
<!-- seven feature property -->
            <property name="title7" type="String" label="Enter seven features title "/>   
              <property name="titlecolor6" type="Color" default="#4F6592" label="Change title Color "/>  
            <property name="feature7" type="String" label="Enter seven features Content"/>
             <property name="featurecolor6" type="Color" default='#5F77A7' label="Change feature content Color "/>
<!-- eight feature property -->
            <property name="title8" type="String" label="Enter eight features title "/>   
              <property name="titlecolor7" type="Color" default="#4F6592" label="Change title Color "/>  
            <property name="feature8" type="String" label="Enter eight features Content"/>
             <property name="featurecolor7" type="Color" default='#5F77A7' label="Change feature content Color "/>


            </targetConfig>
     </targetConfigs>
       
</LightningComponentBundle>