<?xml version="1.0" encoding="UTF-8"?>
<LightningComponentBundle xmlns="http://soap.sforce.com/2006/04/metadata">
    <apiVersion>59.0</apiVersion>
    <isExposed>true</isExposed>
    <masterLabel>Text Banner</masterLabel>
    <targets>
        <target>lightning__AppPage</target>
        <target>lightning__RecordPage</target>
        <target>lightning__HomePage</target>
        <target>lightningCommunity__Page</target>
        <target>lightningCommunity__Default</target>
    </targets>
    <targetConfigs>
        <targetConfig targets="lightningCommunity__Default">
            <property name="containerBackgroundColor" type="Color" default="rgb(24, 152, 185)" label="Container Background Color"/>
            <property name="bannerTextHeading" type="String" default="We Got Your Back" label="Heading"/>
            <property name="bannerTextHeadingColor" type="Color" default="White" label="Heading Color"/>
            <property name="bannerTextHeadingFontFamily" type="String" label="Heading Font Family" default="Sans-serif" datasource="Sans-serif, Helvetica,Arial,Arial Black ,Verdana ,Tahoma ,Trebuchet MS,Impact ,Gill Sans ,Times New Roman ,Georgia, Palatino, Baskerville, Andalé Mono, Courier, Lucida, Monaco, Bradley Hand, Brush Script MT, Luminari, Comic Sans MS"/>
            <property name="bannerTextSubHeading" type="String" default="There's never been a more comfortable way to scale operations or move up from legacy systems. Our consultation, services, and products are built for scale, mistake-proofing, and seamless transition" label="Sub-Heading"/>
            <property name="bannerTextSubHeadingColor" type="Color" default="White" label="Sub-Heading Color"/>
            <property name="bannerTextSubHeadingFontFamily" type="String" label="Sub-Heading Font Family" default="Sans-serif" datasource="Sans-serif, Helvetica,Arial,Arial Black ,Verdana ,Tahoma ,Trebuchet MS,Impact ,Gill Sans ,Times New Roman ,Georgia, Palatino, Baskerville, Andalé Mono, Courier, Lucida, Monaco, Bradley Hand, Brush Script MT, Luminari, Comic Sans MS"/>
        </targetConfig>
    </targetConfigs>
</LightningComponentBundle>