<?xml version="1.0" encoding="UTF-8"?>
<LightningComponentBundle xmlns="http://soap.sforce.com/2006/04/metadata">
    <apiVersion>59.0</apiVersion>
    <isExposed>true</isExposed>
    <targets>
    <target>lightning__AppPage</target>
    <target>lightning__RecordPage</target>
    <target>lightning__HomePage</target>
     <target>lightningCommunity__Page</target>
      <target>lightningCommunity__Default</target>
  </targets>

    <targetConfigs>
  <targetConfig targets="lightningCommunity__Default" >

  <property name="selectTabsandAccordion" label="Select Tabs and Accordion Type" type="string" default="1st Tabs and Accordion"  datasource="1st Tabs and Accordion, 2nd Tabs and Accordion, 3rd Tabs and Accordion"/>

    <property name="tabOrder" label="Tab Order" type="String" default="" description="Specify the order of tabs as a comma-separated list of tab labels"/>
    
  </targetConfig>
  </targetConfigs>
</LightningComponentBundle>