<?xml version="1.0" encoding="UTF-8" ?>
<LightningComponentBundle xmlns="http://soap.sforce.com/2006/04/metadata">
    <apiVersion>59.0</apiVersion>
    <isExposed>true</isExposed>
    <masterLabel>Flip Cards</masterLabel>

    <targets>
        <target>lightning__AppPage</target>
        <target>lightning__RecordPage</target>
        <target>lightning__HomePage</target>
        <target>lightningCommunity__Page</target>
        <target>lightningCommunity__Default</target>
    </targets>

    

    <targetConfigs>
        <targetConfig targets="lightningCommunity__Default">
            
            <!-- Header -->
            <property name="flipCardHeading" type="String" label="Heading" />
            <property
        name="flipCardHeadingFontColor"
        type="Color"
        default="Black"
        label="Heading Font Color"
      />
            <property
        name="flipCardHeadingFontFamily"
        type="String"
        label="Heading Font Family"
        default="sans-serif"
        datasource="sans-serif, Helvetica,Arial,Arial Black ,Verdana ,Tahoma ,Trebuchet MS,Impact ,Gill Sans ,Times New Roman ,Georgia, Palatino, Baskerville, Andalé Mono, Courier, Lucida, Monaco, Bradley Hand, Brush Script MT, Luminari, Comic Sans MS"
      />
            
            <property
        name="flipCardDescription"
        type="String"
        label="Sub-Heading"
      />
            <property
        name="flipCardDescriptionFontColor"
        type="Color"
        default="Black"
        label="Sub-Heading Font Color"
      />
            <property
        name="flipCardDescriptionFontFamily"
        type="String"
        label="Sub-Heading Font Family"
        default="sans-serif"
        datasource="sans-serif, Helvetica,Arial,Arial Black ,Verdana ,Tahoma ,Trebuchet MS,Impact ,Gill Sans ,Times New Roman ,Georgia, Palatino, Baskerville, Andalé Mono, Courier, Lucida, Monaco, Bradley Hand, Brush Script MT, Luminari, Comic Sans MS"
      />
        
            <!-- Cards -->
            <!-- Card1 -->
            <property
        name="flipCardCard1TempFrontImageUrl"
        type="String"
        label="Card 1 Front Image URL"
        description="Image Size Should be 300X418"
      />
            <property
        name="flipCardCard1FrontBackgroundColor"
        type="Color"
        label="Card 1 Front Background Color"
      />
            <property
        name="flipCardCard1FrontText"
        type="String"
        label="Card 1 Front Text"
      />
            <property
        name="flipCardCard1FrontTextFontColor"
        type="Color"
        label="Card 1 Front Text Font Color"
      />
            <property
        name="flipCardCard1FrontTextFontFamily"
        type="String"
        label="Card 1 Front Text Font Family"
        datasource="sans-serif, Helvetica,Arial,Arial Black ,Verdana ,Tahoma ,Trebuchet MS,Impact ,Gill Sans ,Times New Roman ,Georgia, Palatino, Baskerville, Andalé Mono, Courier, Lucida, Monaco, Bradley Hand, Brush Script MT, Luminari, Comic Sans MS"
      />
            <property
        name="flipCardCard1BackTempBackgroundImageURL"
        type="String"
        label="Card 1 Back Background Image URL"
        description="Image Size Should be 300X418"
      />
            <property
        name="flipCardCard1BackBackgroundColor"
        type="Color"
        label="Card 1 Back Background Color"
      />
            <property
        name="flipCardCard1BackText"
        type="String"
        label="Card 1 Back Text"
      />
            <property
        name="flipCardCard1BackTextFontColor"
        type="Color"
        label="Card 1 Back Text Font Color"
      />
            <property
        name="flipCardCard1BackTextFontFamily"
        type="String"
        label="Card 1 Back Text Font Family"
        datasource="sans-serif, Helvetica,Arial,Arial Black ,Verdana ,Tahoma ,Trebuchet MS,Impact ,Gill Sans ,Times New Roman ,Georgia, Palatino, Baskerville, Andalé Mono, Courier, Lucida, Monaco, Bradley Hand, Brush Script MT, Luminari, Comic Sans MS"
      />
            <property
        name="card1ButtonText"
        type="String"
        label="Card 1 Back Button Text"
      />
            <property
        name="card1ButtonRenderURL"
        type="String"
        label="Card 1 Back Button Render URL"
      />

            <!-- Card2 -->
            <property
        name="flipCardCard2TempFrontImageUrl"
        type="String"
        label="Card 2 Front Image URL"
        description="Image Size Should be 300X418"
      />
            <property
        name="flipCardCard2FrontBackgroundColor"
        type="Color"
        label="Card 2 Front Background Color"
      />
            <property
        name="flipCardCard2FrontText"
        type="String"
        label="Card 2 Front Text"
      />
            <property
        name="flipCardCard2FrontTextFontColor"
        type="Color"
        label="Card 2 Front Text Font Color"
      />
            <property
        name="flipCardCard2FrontTextFontFamily"
        type="String"
        label="Card 2 Front Text Font Family"
        datasource="sans-serif, Helvetica,Arial,Arial Black ,Verdana ,Tahoma ,Trebuchet MS,Impact ,Gill Sans ,Times New Roman ,Georgia, Palatino, Baskerville, Andalé Mono, Courier, Lucida, Monaco, Bradley Hand, Brush Script MT, Luminari, Comic Sans MS"
      />
            <property
        name="flipCardCard2BackTempBackgroundImageURL"
        type="String"
        label="Card 2 Back Background Image URL"
        description="Image Size Should be 300X418"
      />
            <property
        name="flipCardCard2BackBackgroundColor"
        type="Color"
        label="Card 2 Back Background Color"
      />
            <property
        name="flipCardCard2BackText"
        type="String"
        label="Card 2 Back Text"
      />
            <property
        name="flipCardCard2BackTextFontColor"
        type="Color"
        label="Card 2 Back Text Font Color"
      />
            <property
        name="flipCardCard2BackTextFontFamily"
        type="String"
        label="Card 2 Back Text Font Family"
        datasource="sans-serif, Helvetica,Arial,Arial Black ,Verdana ,Tahoma ,Trebuchet MS,Impact ,Gill Sans ,Times New Roman ,Georgia, Palatino, Baskerville, Andalé Mono, Courier, Lucida, Monaco, Bradley Hand, Brush Script MT, Luminari, Comic Sans MS"
      />
            <property
        name="card2ButtonText"
        type="String"
        label="Card 2 Back Button Text"
      />
            <property
        name="card2ButtonRenderURL"
        type="String"
        label="Card 2 Back Button Render URL"
      />

            <!-- Card3 -->
            <property
        name="flipCardCard3TempFrontImageUrl"
        type="String"
        label="Card 3 Front Image URL"
        description="Image Size Should be 300X418"
      />
            <property
        name="flipCardCard3FrontBackgroundColor"
        type="Color"
        label="Card 3 Front Background Color"
      />
            <property
        name="flipCardCard3FrontText"
        type="String"
        label="Card 3 Front Text"
      />
            <property
        name="flipCardCard3FrontTextFontColor"
        type="Color"
        label="Card 3 Front Text Font Color"
      />
            <property
        name="flipCardCard3FrontTextFontFamily"
        type="String"
        label="Card 3 Front Text Font Family"
        datasource="sans-serif, Helvetica,Arial,Arial Black ,Verdana ,Tahoma ,Trebuchet MS,Impact ,Gill Sans ,Times New Roman ,Georgia, Palatino, Baskerville, Andalé Mono, Courier, Lucida, Monaco, Bradley Hand, Brush Script MT, Luminari, Comic Sans MS"
      />
            <property
        name="flipCardCard3BackTempBackgroundImageURL"
        type="String"
        label="Card 3 Back Background Image URL"
        description="Image Size Should be 300X418"
      />
            <property
        name="flipCardCard3BackBackgroundColor"
        type="Color"
        label="Card 3 Back Background Color"
      />
            <property
        name="flipCardCard3BackText"
        type="String"
        label="Card 3 Back Text"
      />
            <property
        name="flipCardCard3BackTextFontColor"
        type="Color"
        label="Card 3 Back Text Font Color"
      />
            <property
        name="flipCardCard3BackTextFontFamily"
        type="String"
        label="Card 3 Back Text Font Family"
        datasource="sans-serif, Helvetica,Arial,Arial Black ,Verdana ,Tahoma ,Trebuchet MS,Impact ,Gill Sans ,Times New Roman ,Georgia, Palatino, Baskerville, Andalé Mono, Courier, Lucida, Monaco, Bradley Hand, Brush Script MT, Luminari, Comic Sans MS"
      />
            <property
        name="card3ButtonText"
        type="String"
        label="Card 3 Back Button Text"
      />
            <property
        name="card3ButtonRenderURL"
        type="String"
        label="Card 3 Back Button Render URL"
      />

            <!-- Card4 -->
            <property
        name="flipCardCard4TempFrontImageUrl"
        type="String"
        label="Card 4 Front Image URL"
        description="Image Size Should be 300X418"
      />
            <property
        name="flipCardCard4FrontBackgroundColor"
        type="Color"
        label="Card 4 Front Background Color"
      />
            <property
        name="flipCardCard4FrontText"
        type="String"
        label="Card 4 Front Text"
      />
            <property
        name="flipCardCard4FrontTextFontColor"
        type="Color"
        label="Card 4 Front Text Font Color"
      />
            <property
        name="flipCardCard4FrontTextFontFamily"
        type="String"
        label="Card 4 Front Text Font Family"
        datasource="sans-serif, Helvetica,Arial,Arial Black ,Verdana ,Tahoma ,Trebuchet MS,Impact ,Gill Sans ,Times New Roman ,Georgia, Palatino, Baskerville, Andalé Mono, Courier, Lucida, Monaco, Bradley Hand, Brush Script MT, Luminari, Comic Sans MS"
      />
            <property
        name="flipCardCard4BackTempBackgroundImageURL"
        type="String"
        label="Card 4 Back Background Image URL"
        description="Image Size Should be 300X418"
      />
            <property
        name="flipCardCard4BackBackgroundColor"
        type="Color"
        label="Card 4 Back Background Color"
      />
            <property
        name="flipCardCard4BackText"
        type="String"
        label="Card 4 Back Text"
      />
            <property
        name="flipCardCard4BackTextFontColor"
        type="Color"
        label="Card 4 Back Text Font Color"
      />
            <property
        name="flipCardCard4BackTextFontFamily"
        type="String"
        label="Card 4 Back Text Font Family"
        datasource="sans-serif, Helvetica,Arial,Arial Black ,Verdana ,Tahoma ,Trebuchet MS,Impact ,Gill Sans ,Times New Roman ,Georgia, Palatino, Baskerville, Andalé Mono, Courier, Lucida, Monaco, Bradley Hand, Brush Script MT, Luminari, Comic Sans MS"
      />
            <property
        name="card4ButtonText"
        type="String"
        label="Card 4 Back Button Text"
      />
            <property
        name="card4ButtonRenderURL"
        type="String"
        label="Card 4 Back Button Render URL"
      />

            <!-- Card5 -->
            <property
        name="flipCardCard5TempFrontImageUrl"
        type="String"
        label="Card 5 Front Image URL"
        description="Image Size Should be 300X418"
      />
            <property
        name="flipCardCard5FrontBackgroundColor"
        type="Color"
        label="Card 5 Front Background Color"
      />
            <property
        name="flipCardCard5FrontText"
        type="String"
        label="Card 5 Front Text"
      />
            <property
        name="flipCardCard5FrontTextFontColor"
        type="Color"
        label="Card 5 Front Text Font Color"
      />
            <property
        name="flipCardCard5FrontTextFontFamily"
        type="String"
        label="Card 5 Front Text Font Family"
        datasource="sans-serif, Helvetica,Arial,Arial Black ,Verdana ,Tahoma ,Trebuchet MS,Impact ,Gill Sans ,Times New Roman ,Georgia, Palatino, Baskerville, Andalé Mono, Courier, Lucida, Monaco, Bradley Hand, Brush Script MT, Luminari, Comic Sans MS"
      />
            <property
        name="flipCardCard5BackTempBackgroundImageURL"
        type="String"
        label="Card 5 Back Background Image URL"
        description="Image Size Should be 300X418"
      />
            <property
        name="flipCardCard5BackBackgroundColor"
        type="Color"
        label="Card 5 Back Background Color"
      />
            <property
        name="flipCardCard5BackText"
        type="String"
        label="Card 5 Back Text"
      />
            <property
        name="flipCardCard5BackTextFontColor"
        type="Color"
        label="Card 5 Back Text Font Color"
      />
            <property
        name="flipCardCard5BackTextFontFamily"
        type="String"
        label="Card 5 Back Text Font Family"
        datasource="sans-serif, Helvetica,Arial,Arial Black ,Verdana ,Tahoma ,Trebuchet MS,Impact ,Gill Sans ,Times New Roman ,Georgia, Palatino, Baskerville, Andalé Mono, Courier, Lucida, Monaco, Bradley Hand, Brush Script MT, Luminari, Comic Sans MS"
      />
            <property
        name="card5ButtonText"
        type="String"
        label="Card 5 Back Button Text"
      />
            <property
        name="card5ButtonRenderURL"
        type="String"
        label="Card 5 Back Button Render URL"
      />

            <!-- Card6 -->
            <property
        name="flipCardCard6TempFrontImageUrl"
        type="String"
        label="Card 6 Front Image URL"
        description="Image Size Should be 300X418"
      />
            <property
        name="flipCardCard6FrontBackgroundColor"
        type="Color"
        label="Card 6 Front Background Color"
      />
            <property
        name="flipCardCard6FrontText"
        type="String"
        label="Card 6 Front Text"
      />
            <property
        name="flipCardCard6FrontTextFontColor"
        type="Color"
        label="Card 6 Front Text Font Color"
      />
            <property
        name="flipCardCard6FrontTextFontFamily"
        type="String"
        label="Card 6 Front Text Font Family"
        datasource="sans-serif, Helvetica,Arial,Arial Black ,Verdana ,Tahoma ,Trebuchet MS,Impact ,Gill Sans ,Times New Roman ,Georgia, Palatino, Baskerville, Andalé Mono, Courier, Lucida, Monaco, Bradley Hand, Brush Script MT, Luminari, Comic Sans MS"
      />
            <property
        name="flipCardCard6BackTempBackgroundImageURL"
        type="String"
        label="Card 6 Back Background Image URL"
        description="Image Size Should be 300X418"
      />
            <property
        name="flipCardCard6BackBackgroundColor"
        type="Color"
        label="Card 6 Back Background Color"
      />
            <property
        name="flipCardCard6BackText"
        type="String"
        label="Card 6 Back Text"
      />
            <property
        name="flipCardCard6BackTextFontColor"
        type="Color"
        label="Card 6 Back Text Font Color"
      />
            <property
        name="flipCardCard6BackTextFontFamily"
        type="String"
        label="Card 6 Back Text Font Family"
        datasource="sans-serif, Helvetica,Arial,Arial Black ,Verdana ,Tahoma ,Trebuchet MS,Impact ,Gill Sans ,Times New Roman ,Georgia, Palatino, Baskerville, Andalé Mono, Courier, Lucida, Monaco, Bradley Hand, Brush Script MT, Luminari, Comic Sans MS"
      />
            <property
        name="card6ButtonText"
        type="String"
        label="Card 6 Back Button Text"
      />
            <property
        name="card6ButtonRenderURL"
        type="String"
        label="Card 6 Back Button Render URL"
      />


            <property
        name="evenCardsButtonBackgroundColor"
        type="Color"
        label="Even Cards Button Background Color"
      />
            <property
        name="evenCardsButtonFontColor"
        type="Color"
        label="Even Cards Button Font Color"
      />
            <property
        name="evenCardsButtonFontFamily"
        type="String"
        label="Even Cards Button Font Family"
        default="sans-serif"
        datasource="sans-serif, Helvetica,Arial,Arial Black ,Verdana ,Tahoma ,Trebuchet MS,Impact ,Gill Sans ,Times New Roman ,Georgia, Palatino, Baskerville, Andalé Mono, Courier, Lucida, Monaco, Bradley Hand, Brush Script MT, Luminari, Comic Sans MS"
      />

            <property
        name="oddCardsButtonBackgroundColor"
        type="Color"
        label="Odd Cards Button Background Color"
      />
            <property
        name="oddCardsButtonFontColor"
        type="Color"
        label="Odd Cards Button Font Color"
      />
            <property
        name="oddCardsButtonFontFamily"
        type="String"
        label="Odd Cards Button Font Family"
        default="sans-serif"
        datasource="sans-serif, Helvetica,Arial,Arial Black ,Verdana ,Tahoma ,Trebuchet MS,Impact ,Gill Sans ,Times New Roman ,Georgia, Palatino, Baskerville, Andalé Mono, Courier, Lucida, Monaco, Bradley Hand, Brush Script MT, Luminari, Comic Sans MS"
      />
        </targetConfig>
    </targetConfigs>
</LightningComponentBundle>