<?xml version="1.0" encoding="UTF-8"?>
<LightningComponentBundle xmlns="http://soap.sforce.com/2006/04/metadata">
    <apiVersion>58.0</apiVersion>
    <isExposed>true</isExposed>
    <targets>
        <target>lightning__AppPage</target>
        <target>lightning__RecordPage</target>
        <target>lightning__HomePage</target>
        <target>lightningCommunity__Page</target>
        <target>lightningCommunity__Default</target>
    </targets>

    <targetConfigs>
        <targetConfig targets="lightningCommunity__Default">
            <!-- Map Zoom Level & Map Height-->

            <property name="mapHeight" type="Integer" label="Enter Map Height " default="10" />
            <property name="zoomLevel" type="Integer" label="Enter Zoom level " default="10" />

            <!-- Map Location Details for Marker 1-->
            <property name="country" type="String" label="Enter Country Name for Marker 1"
                default="" />
            <property name="state" type="String" label="Enter State Name for Marker 1" default="" />
            <property name="city" type="String" label="Enter City Name for Marker 1" default="" />
            <property name="postalCode" type="String" label="Enter Postal Code for Marker 1"
                default="" />
            <property name="street" type="String" label="Enter Street for Marker 1" default="" />
            <property name="title" type="String" label="Enter Title for marker 1" default="" />
            <property name="description" type="String" label="Enter Description for Marker 1" default="" description="you can use styling tags in description" />

            <!-- Map Location Details for Marker 2-->
            <property name="countryOne" type="String" label="Enter Country Name for Marker 2"
                default="" />
            <property name="stateOne" type="String" label="Enter State Name for Marker 2" default="" />
            <property name="cityOne" type="String" label="Enter City Name for Marker 2" default="" />
            <property name="postalCodeOne" type="String" label="Enter Postal Code for Marker 2"
                default="" />
            <property name="streetOne" type="String" label="Enter Street for Marker 2" default="" />
            <property name="titleOne" type="String" label="Enter Title for marker 2" default="" />
            <property name="descriptionOne" type="String" label="Enter Description for Marker 2" default="" description="you can use styling tags in description" />

            <!-- Map Location Details for Marker 3 -->
            <property name="countryTwo" type="String" label="Enter Country Name for Marker 3"
                default="" />
            <property name="stateTwo" type="String" label="Enter State Name for Marker 3" default="" />
            <property name="cityTwo" type="String" label="Enter City Name for Marker 3" default="" />
            <property name="postalCodeTwo" type="String" label="Enter Postal Code for Marker 3"
                default="" />
            <property name="streetTwo" type="String" label="Enter Street for Marker 3" default="" />
            <property name="titleTwo" type="String" label="Enter Title for marker 3" default="" />
            <property name="descriptionTwo" type="String" label="Enter Description for Marker 3" default="" description="you can use styling tags in description" />

            <!-- Map Location Details for Marker 4 -->
            <property name="countryThree" type="String" label="Enter Country Name for Marker 4"
                default="" />
            <property name="stateThree" type="String" label="Enter State Name for Marker 4"
                default="" />
            <property name="cityThree" type="String" label="Enter City Name for Marker 4" default="" />
            <property name="postalCodeThree" type="String" label="Enter Postal Code for Marker 4"
                default="" />
            <property name="streetThree" type="String" label="Enter Street for Marker 4" default="" />
            <property name="titleThree" type="String" label="Enter Title for marker 4" default="" />
            <property name="descriptionThree" type="String" label="Enter Description for Marker 4" default="" description="you can use styling tags in description" />

            <!-- Map Location Details for Marker 5 -->
            <property name="countryFour" type="String" label="Enter Country Name for Marker 5"
                default="" />
            <property name="stateFour" type="String" label="Enter State Name for Marker 5"
                default="" />
            <property name="cityFour" type="String" label="Enter City Name for Marker 5" default="" />
            <property name="postalCodeFour" type="String" label="Enter Postal Code for Marker 5"
                default="" />
            <property name="streetFour" type="String" label="Enter Street for Marker 5" default="" />
            <property name="titleFour" type="String" label="Enter Title for marker 5" default="" />
            <property name="descriptionFour" type="String" label="Enter Description for Marker 5" default="" description="you can use styling tags in description" />
        </targetConfig>
    </targetConfigs>
</LightningComponentBundle>