<?xml version="1.0" encoding="UTF-8"?>
<LightningComponentBundle xmlns="http://soap.sforce.com/2006/04/metadata">
    <apiVersion>59.0</apiVersion>
        <isExposed>true</isExposed>
        <masterLabel>Customer Review</masterLabel>
  <targets>
    <target>lightning__AppPage</target>
    <target>lightning__RecordPage</target>
    <target>lightning__HomePage</target>
    <target>lightningCommunity__Page</target>
    <target>lightningCommunity__Default</target>
  </targets>

    <targetConfigs>
  <targetConfig targets="lightningCommunity__Default" >

    <property name="selectCustomerReview" label="Select Theme" type="string" default="Theme 1"  datasource="Theme 1, Theme 2, Theme 3" />

      <property name="mainHeading" label="Heading" type="String" default="Our Happy Customers"  />

     <property name="mainHeadingClr" label="Heading Color" type="Color" default="#4f6592"  />

      <property name="text1" type="String" label="Sub Heading" default="Set accurate Icon, add text, numerical data by trying out different layouts to showcase highlighted points" />

    <property name="textClr" type="Color" label="Sub Heading Color" default="#4F6592"  />

    <property name="backgroundclr1" label="Theme 1 Main Background Color" type="color" default="#f4f4f4" />

    <property name="boxbackgroundclr" label="Theme 1 Box Background Color" type="color" default="#527381" />

    <property name="textclr1" label="Theme 1 Text Color" type="color" default="#fff" />

    <property name="fontSize1" label="Theme 1 Text Font Size (Large device)" type="String" default="17px" />

    <property name="fontSize2" label="Theme 1 Text Font Size (Small device)" type="String" default="14px" />

    <property name="textFontFamily1" label="Theme 1 Text Font Family" type="String" default="sans-serif" datasource="sans-serif,Helvetica, Arial,Arial Black,Verdana,Tahoma,Trebuchet MS,Impact,Gill Sans,Times New Roman,Georgia,Palatino,Baskerville,Andalé Mono,Courier,Lucida,Monaco,Bradley Hand,Brush Script MT,Luminari,Comic Sans MS" />

    <property name="customFontFamily1" label="Theme 1 Custom Text Font Family" type="String" />



    <property name="completionLineclr" label="Theme 1 Completion Line Color" type="color" default="#fff" />


    <property name="backgroundclr2" label="Theme 2 Main Background Color" type="color" default="#f4f4f4" />

    <property name="textFontFamily2" label="Theme 2 Text Font Family" type="String" default="sans-serif" datasource="sans-serif,Helvetica, Arial,Arial Black,Verdana,Tahoma,Trebuchet MS,Impact,Gill Sans,Times New Roman,Georgia,Palatino,Baskerville,Andalé Mono,Courier,Lucida,Monaco,Bradley Hand,Brush Script MT,Luminari,Comic Sans MS" />

  <property name="customFontFamily2" label="Theme 2 Custom Theme Font Family" type="String" />
  
  <property name="fontSize3" label="Theme 2 Text Font Size (Large device)" type="String" default="17px" />

  <property name="fontSize4" label="Theme 2 Text Font Size (Small device)" type="String" default="15px" />

   <property name="starColor2" label="Theme 2 Star Color" type="color" default="#FF0000" />

  <property name="starfontSize2" label="Theme 2 Star Font Size" type="String" default="26px" />


    <property name="backgroundclr3" label="Theme 3 Main Background Color" type="color" default="#fff" />

    <property name="boxbackgroundclr1" label="Theme 3 Box Background Color" type="color" default="#527381" />

    <property name="textclr3" label="Theme 3 Text Color" type="color" default="#fff" />

    <property name="fontSize5" label="Theme 3 Text Font Size " type="String" default="17px" />

    <property name="fontSize6" label="Theme 3 Name Font Size " type="String" default="30px" />

    <property name="textFontFamily3" label="Theme 3 Text Font Family" type="String" default="sans-serif" datasource="sans-serif,Helvetica, Arial,Arial Black,Verdana,Tahoma,Trebuchet MS,Impact,Gill Sans,Times New Roman,Georgia,Palatino,Baskerville,Andalé Mono,Courier,Lucida,Monaco,Bradley Hand,Brush Script MT,Luminari,Comic Sans MS" />

    <property name="starColor" label="Theme 3 Star Color" type="color" default="#FFFF00" />

    <property name="starfontSize" label="Theme 3 Star Font Size" type="String" default="26px" />

    <property name="completionCircleclr1" label="Theme 3 Completion Circle Color" type="color" default="#FFFFFF" />
    <property name="completionCircleclr2" label="Theme 3 Completion Circle Border Color" type="color" default="#FFFFFF" />

  </targetConfig>
  </targetConfigs>
</LightningComponentBundle>