<?xml version="1.0" encoding="UTF-8"?>
<LightningComponentBundle xmlns="http://soap.sforce.com/2006/04/metadata">
    <apiVersion>59.0</apiVersion>
      <isExposed>true</isExposed>
    <targets>
<target>lightning__AppPage</target>
<target>lightning__RecordPage</target>
<target>lightning__HomePage</target>
<target>lightningCommunity__Page</target>
<target>lightningCommunity__Default</target>

</targets>

  <targetConfigs>
  <targetConfig targets="lightningCommunity__Default" >

  <property name="selectTestimonial" label="Select Testimonial" type="string" default="1st Testimonial"  datasource="1st Testimonial, 2nd Testimonial, 3rd Testimonial"/>

  <property name="heading" label="Main Heading" type="string" default="Testimonial" />

  <property name="headingClr" label="Main Heading Color" type="color" default="#454343" />

  </targetConfig>
  </targetConfigs>
</LightningComponentBundle>