<?xml version="1.0" encoding="UTF-8"?>
<LightningComponentBundle xmlns="http://soap.sforce.com/2006/04/metadata">
    <apiVersion>59.0</apiVersion>
        <isExposed>true</isExposed>
  <targets>
    <target>lightning__AppPage</target>
    <target>lightning__RecordPage</target>
    <target>lightning__HomePage</target>
    <target>lightningCommunity__Page</target>
    <target>lightningCommunity__Default</target>
  </targets>

    <targetConfigs>
  <targetConfig targets="lightningCommunity__Default" >

    <property name="selectCustomerReview" label="Select Customer Review Type" type="string" default="1st Review"  datasource="1st Review, 2nd Review"/>

    <property name="backgroundclr1" label="Main Background Color 1st Review" type="color" default="#f4f4f4" />

    <property name="boxbackgroundclr" label="Box Background Color 1st Review" type="color" default="#527381" />

    <property name="textclr1" label="Text Color 1st Review" type="color" default="#fff" />

    <property name="fontSize1" label="Text Font Size 1st Review (Large device)" type="String" default="17px"/>

    <property name="fontSize2" label="Text Font Size 1st Review (Small device)" type="String" default="14px"/>

    <property name="textFontFamily1" label="Text Font Family 1st Review" type="String" default="Poppins" datasource="Poppins, Arial, Helvetica, Times New Roman, Georgia, Courier New, Verdana, Tahoma, Trebuchet MS, Comic Sans MS, Sans-serif"/>

    <property name="customFontFamily1" label="Custom Font Family 1st Review" type="String" />





    <property name="completionLineclr" label="Completion Line Color 1st Review" type="color" default="#fff" />


    <property name="backgroundclr2" label="Main Background Color 2nd Review" type="color" default="#c9c8c8" />

    <property name="textFontFamily2" label="Text Font Family 2nd Review" type="String" default="Poppins" datasource="Poppins, Arial, Helvetica, Times New Roman, Georgia, Courier New, Verdana, Tahoma, Trebuchet MS, Comic Sans MS, Sans-serif"/>

  <property name="customFontFamily2" label="Custom Font Family 2nd Review" type="String" />
  
   <property name="fontSize3" label="Text Font Size 2nd Review (Large device)" type="String" default="1.2rem"/>

  <property name="fontSize4" label="Text Font Size 2nd Review (Small device)" type="String" default="0.8rem"/>

  </targetConfig>
  </targetConfigs>
</LightningComponentBundle>