<?xml version="1.0" encoding="UTF-8" ?>
<LightningComponentBundle xmlns="http://soap.sforce.com/2006/04/metadata">
    <apiVersion>59.0</apiVersion>
    <isExposed>true</isExposed>

    <targets>
        <target>lightning__AppPage</target>
        <target>lightning__RecordPage</target>
        <target>lightning__HomePage</target>
        <target>lightningCommunity__Page</target>
        <target>lightningCommunity__Default</target>
    </targets>

    <targetConfigs>
        <targetConfig targets="lightningCommunity__Default">

          <property name="selectThemeType" type="String" label="Theme Type" datasource="Theme 1, Theme 2" default="Theme 1"/>

            <property
        name="containerbackgroundimage"
        type="String"
        label="Theme 1 Container Background Image URL"
        default="https://zehntech-1a-dev-ed--c.vf.force.com/resource/1705672948000/demoImage?"
      />
            <property
        name="containerbackgroundcolor"
        type="Color"
        label="Theme 1 Container Background Color"
      />
            
            <!-- Event Date and Time -->
            <property
        name="eventDateTime"
        type="lightning__dateTimeType"
        label="Select date and time of the event"
      />

            <!-- Title, description and card Styling -->
            <property
        name="title"
        type="String"
        label="Enter title "
        default="Enter title"
      />
            <property
        name="titlefontcolor"
        type="Color"
        label="Select title font color"
        default="White"
      />
            <property
        name="description"
        type="String"
        label="Enter description "
        default="Enter description"
      />
            <property
        name="descriptionfontcolor"
        type="Color"
        label="Select description font color"
        default="White"
      />

            <property
        name="flexitem"
        type="Color"
        label="Select card background color"
      />
            <property
        name="flexitemfontcolor"
        type="Color"
        label="Select card font color"
        default="White"
      />

            <property
        name="messageaftereventdeadline"
        type="String"
        label="Enter message after deadline"
      />

            <property
        name="themeTwoBackgroundColor"
        type="Color"
        label="Theme 2 Background Color"
        default="rgb(242, 242, 242)"
      />
    
          <property
        name="themeTwoImageURL"
        type="String"
        label="Theme 2 Logo URL"
        default="https://images01.nicepage.com/08/1d/081d9bdbe2e8082cb4f0ecec21b556bc.png"
      />
          
          <property
        name="themeTwoFontFamily"
        type="String"
        label="Theme 2 Font-Family"
        default="sans-serif"
        datasource="sans-serif, Helvetica,Arial,Arial Black ,Verdana ,Tahoma ,Trebuchet MS,Impact ,Gill Sans ,Times New Roman ,Georgia, Palatino, Baskerville, Andalé Mono, Courier, Lucida, Monaco, Bradley Hand, Brush Script MT, Luminari, Comic Sans MS"
      />
          
          <property
        name="themeTwodescription"
        type="String"
        label="Theme 2 Description"
        default="Our website is under construction, we are working very hard to give you the best experience with this one."
      />
          <property
        name="themeTwoFontColor"
        type="Color"
        label="Theme 2 Description Font Color"
        default="Black"
      />
          <property
        name="themeTwoeventDateTime"
        type="lightning__dateTimeType"
        label="Theme 2 Event Date And Time"
      />
    
          <property
        name="themeTwoEventCountdownColor"
        type="Color"
        label="Theme Two Countdown Color"
        default="Black"
      />
    
          <property
        name="themeTwoButton1Text"
        type="String"
        label="Theme 2 Button 1 Label"
        default="Suscribe"
      />
          <property
        name="themeTwoButton1Color"
        type="Color"
        label="Theme 2 Button 1 Color"
        default="White"
      />
          <property
        name="themeTwoButton1BackgroundColor"
        type="Color"
        label="Theme 2 Button 1 Background Color"
        default="Black"
      />
          <property
        name="themeTwoRenderURLButton1"
        type="String"
        label="Theme Two Button 1 Render URL"
        default="/"
      />
    
          <property
        name="themeTwoButton2Text"
        type="String"
        label="Theme 2 Button 2 Label"
        default="More Info"
      />
          <property
        name="themeTwoButton2Color"
        type="Color"
        label="Theme 2 Button 2 Color"
        default="Black"
      />
          <property
        name="themeTwoButton2BackgroundColor"
        type="Color"
        label="Theme 2 Button 2 Background Color"
        default="lightgray"
      />
          <property
        name="themeTwoRenderURLButton2"
        type="String"
        label="Theme Two Button 2 Render URL"
        default="/"
      />
    
          <property
        name="themeTwoButtonHover"
        type="Color"
        label="Theme 2 Button Hover"
        default="#666666"
      />
          <property
        name="themeTwoButtonHoverFontColor"
        type="Color"
        label="Theme 2 Button Font Color On Hover"
        default="White"
      />
        </targetConfig>
    </targetConfigs>
</LightningComponentBundle>