<?xml version="1.0" encoding="UTF-8"?>
<LightningComponentBundle xmlns="http://soap.sforce.com/2006/04/metadata">
    <apiVersion>59.0</apiVersion>
    <isExposed>true</isExposed>
    <masterLabel>Logo Carousel</masterLabel>
  <targets>
    <target>lightning__AppPage</target>
    <target>lightning__RecordPage</target>
    <target>lightning__HomePage</target>
    <target>lightningCommunity__Page</target>
    <target>lightningCommunity__Default</target>
  </targets>

  <targetConfigs>

    <targetConfig targets="lightningCommunity__Default" >

        <property name="selectSlider" type="string" label="Select Theme" default="Theme 1" datasource="Theme 1, Theme 2"/>

        <property name="mainHeading" type="String" label="Heading" default="Our Happy Customers"  />

        <property name="mainHeadingClr" type="Color" label="Heading Color" default="#4f6592"  />

        <property name="subheading" type="String" label="Sub Heading" default="Set accurate Icon, add text, numerical data by trying out different layouts to showcase highlighted points" />

        <property name="subheadingClr" type="Color" label="Sub Heading Color" default="#4F6592"  />

        <property name="background" type="Color" label="Slide Background Color" default="#ffffff"  />

        <property name="prevNextButtons" type="Boolean" label="Preview Next Buttons" default="true" ></property>

        <property name="cellAlign" type="string" label="Cell Align" default="left" datasource="left, center, right" />

        <property name="contain" type="Boolean" label="Contain" default="false" description="Contains cells to gallery element to prevent excess scroll at beginning or end. Has no effect if wrapAround is checked"></property>

        <property name="draggable" type="Boolean" label="Draggable" default="true"  description="Dragging is used to move an object from one position to another position on the computer screen"></property>

        <property name="wrapAround" type="Boolean" default="true" label="Wrap Around" description="It is used for infinite scrolling."></property>

        <property name="autoPlay" type="Boolean" default="false" label="Auto Play"></property>

        <property name="pageDots" type="Boolean" default="false" label="Page Dots"></property>

        <property name="rightToLeft" type="Boolean" default="false" label="Enables Left-to-Right layout" description="It is working when autoPlay is Enable"></property>

        <property name="speedControl" type="Integer" label="Slider Speed" default="2" />

        <property name="logo1" type="String" default="https://essential-addons.com/elementor/wp-content/uploads/2020/01/New-Experiences-color.png" label="Logo Image" />
        <property name="logo2" type="String" default="https://essential-addons.com/elementor/wp-content/uploads/2020/01/Bronxs-color.png" label="Logo Image" />
        <property name="logo3" type="String" default="https://essential-addons.com/elementor/wp-content/uploads/2020/01/Sparonio-2.png" label="Logo Image" />
        <property name="logo4" type="String" default="https://essential-addons.com/elementor/wp-content/uploads/2020/01/Cupcakery-color.png" label="Logo Image" />
        <property name="logo5" type="String" default="https://essential-addons.com/elementor/wp-content/uploads/2020/01/Miles-color.png" label="Logo Image" />
        <property name="logo6" type="String" default="https://essential-addons.com/elementor/wp-content/uploads/2020/01/Brand-color.png" label="Logo Image" />

    </targetConfig>
  </targetConfigs>
</LightningComponentBundle>