<?xml version="1.0" encoding="UTF-8"?>
<LightningComponentBundle xmlns="http://soap.sforce.com/2006/04/metadata">
    <apiVersion>59.0</apiVersion>
    <isExposed>true</isExposed>
     <targets>
        <target>lightning__AppPage</target>
        <target>lightning__RecordPage</target>
        <target>lightning__HomePage</target>
        <target>lightningCommunity__Page</target>
        <target>lightningCommunity__Default</target>
    </targets> 
    <targetConfigs>
                    <targetConfig targets="lightningCommunity__Default">

                        <property name="title" type="String" default="Connect With Me" label="Enter Title "/>
                        <property name="titlefontsize" type="String" default="40px" label="Enter Title Font Size"/>
                        <property name="titlefontfamily" type="String" default="Sans-serif "  datasource="Sans-serif,Open Sans,Poppins,ui-serif,system-ui,fantasy,cursive,monospace,serif,unset,revert,initial,inherit,fangsong,math,emoji,ui-monospace,ui-sans-serif,ui-serif"  label="Change Title Font Family" /> 
                        <property name="titlecolor" type="Color"  default="black"  label="Change Title Color" /> 

                        <property name="imageurl" type="String" default="https://cdn-icons-png.flaticon.com/512/2175/2175193.png" label="Enter Social Icon Url "/>
                        <property name="profileurl" type="String" default="https://www.facebook.com/" label="Enter Social Profile Url "/>

                        <property name="imageurl1" type="String" default="https://cdn-icons-png.flaticon.com/512/1936/1936319.png" label="Enter Social Icon Url"/>
                        <property name="profileurl1" type="String" default="https://www.instagram.com/" label="Enter Social Profile Url "/>

                        <property name="imageurl2" type="String" default="https://cdn-icons-png.flaticon.com/512/142/142363.png"   label="Enter Social Icon Url "/>
                        <property name="profileurl2" type="String" default="https://twitter.com/login" label="Enter Social Profile Url "/>

                        <property name="imageurl3" type="String" default="https://cdn-icons-png.flaticon.com/512/2168/2168311.png" label="Enter Social Icon Url "/>
                        <property name="profileurl3" type="String" default="https://www.linkedin.com/" label="Enter Social Profile Url "/>

                        <property name="imageurl4" type="String" default="https://cdn-icons-png.flaticon.com/512/4401/4401475.png" label="Enter Social Icon Url "/>
                        <property name="profileurl4" type="String" default="https://www.youtube.com/" label="Enter Social Profile Url "/>


                    </targetConfig>
            </targetConfigs>
</LightningComponentBundle>