<?xml version="1.0" encoding="UTF-8"?>
<LightningComponentBundle xmlns="http://soap.sforce.com/2006/04/metadata">
    <apiVersion>59.0</apiVersion>
    <isExposed>true</isExposed>
  <targets>
    <target>lightning__AppPage</target>
    <target>lightning__RecordPage</target>
    <target>lightning__HomePage</target>
    <target>lightningCommunity__Page</target>
    <target>lightningCommunity__Default</target>
  </targets>

  <targetConfigs>

    <targetConfig targets="lightningCommunity__Default" >

        <property name="SelectSlider" type="string" default="1st Slider" label="Select Slider" datasource="1st Slider, 2nd Slider"/>

        <property name="background" type="Color" default="#E7E3FF" label="Slide Background Color" />

        <property name="prevNextButtons" type="Boolean" default="true" label="Preview Next Buttons"></property>

        <property name="cellAlign" type="string" default="Left" label="Cell Align" datasource="Left, Center, Right" />

        <property name="contain" type="Boolean" default="false" label="Contain" description="Contains cells to gallery element to prevent excess scroll at beginning or end. Has no effect if wrapAround: TRUE /// if contain = true , cellAlign off Automatic "></property>

        <property name="draggable" type="Boolean" default="true" label="Draggable" description="Dragging is used to move an object from one position to another position on the computer screen"></property>

        <property name="wrapAround" type="Boolean" default="true" label="Wrap Around" description="At the end of cells, wrap-around to the other end for infinite scrolling."></property>

        <property name="autoPlay" type="Boolean" default="false" label="Auto Play" description="advance cells every 3 seconds"></property>

        <property name="PageDots" type="Boolean" default="false" label="Page Dots"></property>

        <property name="rightToLeft" type="Boolean" default="false" label="Enables Left-to-Right Layout" description="It is working when autoPlay is Enable"></property>

        <property name="SpeedControl" label="Slider Speed" type="Integer" default="2" />

        <property name="logo1" type="String" default="" label="Upload Logo Image" />
        <property name="logo2" type="String" default="" label="Upload Logo Image" />
        <property name="logo3" type="String" default="" label="Upload Logo Image" />
        <property name="logo4" type="String" default="" label="Upload Logo Image" />
        <property name="logo5" type="String" default="" label="Upload Logo Image" />
        <property name="logo6" type="String" default="" label="Upload Logo Image" />

    </targetConfig>
  </targetConfigs>
</LightningComponentBundle>