<?xml version="1.0" encoding="UTF-8"?>
<LightningComponentBundle xmlns="http://soap.sforce.com/2006/04/metadata">
    <apiVersion>59.0</apiVersion>
            <isExposed>true</isExposed>
    <targets>
    <target>lightning__AppPage</target>
    <target>lightning__RecordPage</target>
    <target>lightning__HomePage</target>
    <target>lightningCommunity__Page</target>
    <target>lightningCommunity__Default</target>
    </targets>

      <targetConfigs>
  <targetConfig targets="lightningCommunity__Default" >

  <property name="mainBackgroungClr" label="Main Background Color" type="Color" default="#f9f9f9"  />

 <property name="backgroundImageUrlWebinar" type="String" default="" label="Main Background Image" />

  <property name="mainHeading" label="Heading" type="String" default="Lorem ipsum dolor sit amet"  />
  <property name="mainHeadingClr" label="Heading Color" type="Color" default="#726a95"  />
  <property name="subHeading" type="String" label="Sub Heading" default="Lorem ipsum dolor sit amet consectetur adipisicing elit. Provident, odio." />
  <property name="subHeadingClr" type="Color" label="Sub Heading Color" default="#726a95"  />

  <property name="member1Img" label="Member 1 Image" type="String" default=""  />
  <property name="member1Name" label="Member 1 Name" type="String" default="ben smith"  />
  <property name="member1Position" label="Member 1 Position" type="String" default="Marketing Expert"  />


  <property name="memberImgBorderClr" label="Member Image Border Color" type="Color" default="#726a95" description="It is Applicable For All Members" />
  <property name="memberNameClr" label="Member Name Color" type="Color" default="#726a95" description="It is Applicable For All Members" />
  <property name="memberPositionClr" label="Member Position Color" type="Color" default="#838383" description="It is Applicable For All Members" />


  <property name="dateTimeZoneClr" label="Date-Time-Zone Text Color" type="Color" default="#555"  />

  <property name="counterDownBackgroungClr" label="Counter Down Backgroung Color" type="Color" default="#5c5283"  />

  <property name="counterDownTextClr" label="Counter Down Text Color" type="Color" default="#fff"  />

  <property name="buttonClr" label="Button Color" type="Color" default="#6495ED"  />

  <property name="buttonTextClr" label="Button Text Color" type="Color" default="#fff"  />

  <property name="buttonClrOnHover" label="Button Color On Hover" type="Color" default="#A9A9A9"  />

  <property name="buttonTextClrOnHover" label="Button Text Color On Hover" type="Color" default="#fff"  />

  <property name="dateTime" label="Date and Time" type="lightning__dateTimeType" default="" />


  <property name="member2Img" label="Member 2 Image" type="String" default=""  />
  <property name="member2Name" label="Member 2 Name" type="String" default=""  />
  <property name="member2Position" label="Member 2 Position" type="String" default=""  />

  <property name="member3Img" label="Member 3 Image" type="String" default=""  />
  <property name="member3Name" label="Member 3 Name" type="String" default=""  />
  <property name="member3Position" label="Member 3 Position" type="String" default=""  />

  <property name="member4Img" label="Member 4 Image" type="String" default=""  />
  <property name="member4Name" label="Member 4 Name" type="String" default=""  />
  <property name="member4Position" label="Member 4 Position" type="String" default=""  />

  <property name="member5Img" label="Member 5 Image" type="String" default=""  />
  <property name="member5Name" label="Member 5 Name" type="String" default=""  />
  <property name="member5Position" label="Member 5 Position" type="String" default=""  />



  </targetConfig>
  </targetConfigs>
</LightningComponentBundle>
