<?xml version="1.0" encoding="UTF-8"?>
<LightningComponentBundle xmlns="http://soap.sforce.com/2006/04/metadata">
  <apiVersion>59.0</apiVersion>
  <isExposed>true</isExposed>
  <targets>
  <target>lightning__AppPage</target>
  <target>lightning__RecordPage</target>
  <target>lightning__HomePage</target>
    <target>lightningCommunity__Page</target>
    <target>lightningCommunity__Default</target>
</targets>
  <targetConfigs>
        <targetConfig targets="lightningCommunity__Default">
            <property name="tabOrder" label="Tab Order" type="String" default="" description="Specify the order of tabs as a comma-separated list of tab labels"/>
        </targetConfig>
    </targetConfigs>
<!-- <targetConfigs>
<targetConfig targets="lightningCommunity__Default" >


<property name="TabName3" label="Enter Third Tab Name" type="string" default="Contact" />

  <property name="TabName3SubHeading1" label="Enter SubHeading Title1" type="string" default="Contact Information" />

    <property name="TabName3SubHeading1Content1" label="Enter SubHeading Content" type="string" default="" />


  <property name="TabName3SubHeading2" label="Enter SubHeading Title2" type="string" default="Reach Us" />

    <property name="TabName3SubHeading2Content2" label="Enter SubHeading Content" type="string" default="" />


  <property name="TabName3SubHeading3" label="Enter SubHeading Title3" type="string" default="Get in Touch" />

    <property name="TabName3SubHeading3Content3" label="Enter SubHeading Content" type="string" default="" />

</targetConfig>
</targetConfigs> -->
</LightningComponentBundle>