<?xml version="1.0" encoding="UTF-8" ?>
<LightningComponentBundle xmlns="http://soap.sforce.com/2006/04/metadata">
    <apiVersion>59.0</apiVersion>
    <isExposed>true</isExposed>
    <masterLabel>Countdown Timer</masterLabel>
    <targets>
        <target>lightning__AppPage</target>
        <target>lightning__RecordPage</target>
        <target>lightning__HomePage</target>
        <target>lightningCommunity__Page</target>
        <target>lightningCommunity__Default</target>
    </targets>

    <targetConfigs>
        <targetConfig targets="lightningCommunity__Default">

            <property
        name="themeType"
        type="String"
        label="Select Countdown Timer Theme"
        default="Theme 1"
        datasource="Theme 1, Theme 2"
      />

            <!-- Event Date and Time -->
            <property
        name="eventDateTime"
        type="lightning__dateTimeType"
        label="Theme 1 Event Date And Time"
      />

            <!-- Title, description and card Styling -->
            <property
        name="themeOneTitle"
        type="String"
        label="Theme 1 Title"
        default="Comming Soon"
      />
            <property
        name="themeOneTitleFontFamily"
        type="String"
        label="Theme 1 Title Font Family"
        default="sans-serif"
        datasource="sans-serif, Helvetica,Arial,Arial Black ,Verdana ,Tahoma ,Trebuchet MS,Impact ,Gill Sans ,Times New Roman ,Georgia, Palatino, Baskerville, Andalé Mono, Courier, Lucida, Monaco, Bradley Hand, Brush Script MT, Luminari, Comic Sans MS"
      />
            <property
        name="themeOneH3TagColor"
        type="Color"
        label="Theme 1 Title Font Color"
        default="Black"
      />

            <property
        name="themeOneSmallTagFontFamily"
        type="String"
        label="Theme 1 Countdown Event Font Family"
        default="sans-serif"
        datasource="sans-serif, Helvetica,Arial,Arial Black ,Verdana ,Tahoma ,Trebuchet MS,Impact ,Gill Sans ,Times New Roman ,Georgia, Palatino, Baskerville, Andalé Mono, Courier, Lucida, Monaco, Bradley Hand, Brush Script MT, Luminari, Comic Sans MS"
      />
            <property
        name="countdownColor"
        type="Color"
        label="Theme 1 Countdown Timer Color"
        default="#f41b4b"
      />
            <property
        name="countdownEventColor"
        type="Color"
        label="Theme 1 Countdown Event Color"
        default="Black"
      />
            
            <property
        name="imageURL"
        type="String"
        label="Theme 1 Image URL"
        default="https://images01.nicepage.com/c461c07a441a5d220e8feb1a/a9f34f83e7d4532bb97ea13f/ghghghgh-min.png"
      />
            
            <property
        name="messageaftereventdeadline"
        type="String"
        label="Theme 1 Title After Countdown Ends"
        default="Product has Launched"
      />
            
            <property
        name="themeOneButtonText"
        type="String"
        label="Theme 1 Button Text"
        default="Go To Site"
      />
            <property
        name="themeOneButtonFontFamily"
        type="String"
        label="Theme 1 Button Font Family"
        default="sans-serif"
        datasource="sans-serif, Helvetica,Arial,Arial Black ,Verdana ,Tahoma ,Trebuchet MS,Impact ,Gill Sans ,Times New Roman ,Georgia, Palatino, Baskerville, Andalé Mono, Courier, Lucida, Monaco, Bradley Hand, Brush Script MT, Luminari, Comic Sans MS"
      />
            <property
        name="themeOneButtonColor"
        type="Color"
        label="Theme 1 Button Default Color"
        default="lightgray"
      />
            <property
        name="themeOneButtonColorAfterEvent"
        type="Color"
        label="Theme 1 Button Color After Event Ends"
        default="#f41b4b"
      />
            
            <property
        name="renderURL"
        type="String"
        label="Theme 1 Render URL Of Button When Countdown Ends"
        description="When the countdown ends, you can navigate to any location using the provided URL below."
        default="/"
      />
        
            <!-- Theme 2 Properties -->
            <property
        name="themeTwoBackgroundColor"
        type="Color"
        label="Theme 2 Background Color"
        default="rgb(242, 242, 242)"
      />
    
          <property
        name="themeTwoImageURL"
        type="String"
        label="Theme 2 Logo URL"
        default="https://images01.nicepage.com/08/1d/081d9bdbe2e8082cb4f0ecec21b556bc.png"
      />
          
          <property
        name="themeTwoFontFamily"
        type="String"
        label="Theme 2 Font-Family"
        default="sans-serif"
        datasource="sans-serif, Helvetica,Arial,Arial Black ,Verdana ,Tahoma ,Trebuchet MS,Impact ,Gill Sans ,Times New Roman ,Georgia, Palatino, Baskerville, Andalé Mono, Courier, Lucida, Monaco, Bradley Hand, Brush Script MT, Luminari, Comic Sans MS"
      />
          
          <property
        name="themeTwodescription"
        type="String"
        label="Theme 2 Description"
        default="Our website is under construction, we are working very hard to give you the best experience with this one."
      />
          <property
        name="themeTwoFontColor"
        type="Color"
        label="Theme 2 Description Font Color"
        default="Black"
      />
          <property
        name="themeTwoeventDateTime"
        type="lightning__dateTimeType"
        label="Theme 2 Event Date And Time"
      />
    
          <property
        name="themeTwoEventCountdownColor"
        type="Color"
        label="Theme Two Countdown Color"
        default="Black"
      />
    
          <property
        name="themeTwoButton1Text"
        type="String"
        label="Theme 2 Button 1 Label"
        default="Suscribe"
      />
          <property
        name="themeTwoButton1Color"
        type="Color"
        label="Theme 2 Button 1 Color"
        default="White"
      />
          <property
        name="themeTwoButton1BackgroundColor"
        type="Color"
        label="Theme 2 Button 1 Background Color"
        default="Black"
      />
          <property
        name="themeTwoRenderURLButton1"
        type="String"
        label="Theme Two Button 1 Render URL"
        default="/"
      />
    
          <property
        name="themeTwoButton2Text"
        type="String"
        label="Theme 2 Button 2 Label"
        default="More Info"
      />
          <property
        name="themeTwoButton2Color"
        type="Color"
        label="Theme 2 Button 2 Color"
        default="Black"
      />
          <property
        name="themeTwoButton2BackgroundColor"
        type="Color"
        label="Theme 2 Button 2 Background Color"
        default="lightgray"
      />
          <property
        name="themeTwoRenderURLButton2"
        type="String"
        label="Theme Two Button 2 Render URL"
        default="/"
      />
    
          <property
        name="themeTwoButtonHover"
        type="Color"
        label="Theme 2 Button Hover"
        default="#666666"
      />
          <property
        name="themeTwoButtonHoverFontColor"
        type="Color"
        label="Theme 2 Button Font Color On Hover"
        default="White"
      />
 
        </targetConfig>
    </targetConfigs>
</LightningComponentBundle>