<?xml version="1.0" encoding="UTF-8"?>
<LightningComponentBundle xmlns="http://soap.sforce.com/2006/04/metadata">
    <apiVersion>59.0</apiVersion>
    <isExposed>true</isExposed>

    <targets>
        <target>lightningCommunity__Default</target>
        <target>lightningCommunity__Page</target>
    </targets>

    <targetConfigs>
        <targetConfig targets="lightningCommunity__Default">
            <property name="firstflipbox" type="ContentReference" label="Settings for first flipbox" />
            <property name="firstcardimageurl" type="String" label="First Card Front Image URL"
                default="" description="Enter the URL for the front image." />

            <property name="firstcardfronttext" type="String" label="First Card Front Text"
                default="First Card Test Front" description="Enter the Text shown in front" />

            <property name="fistcardbacktext" type="String" label="First Card Back Text"
                default="First Card Back Test"
                description="Enter the text for the back of the flip box." />

            <property name="firstcardbackgroundcolor" type="Color" label="First Card BG Color"
                default="black" description="Enter the background color of the first card." />

            <property name="firstcardfronttextcolor" type="Color" label="First Card Text Color"
                default="black" description="Enter the text color." />

            <property name="firstcardfontsize" type="String" label="First Card Font Size"
                default="16px" description="Enter the font size." />

            <property name="borderradius" type="String" label="First Card Border Radius"
                default="10px" description="Enter border radius" />

            <property name="fontweight" type="String" label="First Card Font Weight" default="600"
                description="Enter font weight" />

            <property name="fontstyle" type="String" label="First Card Font Style"
                default="monospace" description="Enter Font Style" />

                <!-- Second Card Properties -->

            <property name="secondcardimageurl" type="String" label="Second Card Front Image Url "
                default="" description="Enter the URL for the second card front image." />

            <property name="secondcardfronttext" type="String" label="Second Card Front Text"
                default="Second Card Front Text"
                description="Enter the Front Text of the second card" />

            <property name="secondcardbacktext" type="String" label="Second Card Back Text"
                default="Second Card Back Text" description="Enter the Back Text Of the second card" />

            <property name="secondcardbackgroundcolor" type="Color" label="second Card BG Color"
                default="black" description="Enter the background color of the second card." />

            <property name="secondcardfronttextcolor" type="Color" label="second Card Text Color"
                default="black" description="Enter the second card text color." />

            <property name="secondcardfontsize" type="String" label="second Card Font Size"
                default="16px" description="Enter the second card font size." />

            <property name="secondcardborderradius" type="String" label="Second Card Border Radius"
                default="10px" description="Enter second card border radius " />

            <property name="secondcardfontweight" type="String" label="Second Card Font Weight"
                default="600" description="Enter second card font weight" />

            <property name="secondcardfontstyle" type="String" label="Second Card Font Style"
                default="monospace" description="Enter second card Font Style" />


            <!-- Add target-specific configuration if needed-->
        </targetConfig>
    </targetConfigs>

</LightningComponentBundle>