<?xml version="1.0" encoding="UTF-8"?>
<LightningComponentBundle xmlns="http://soap.sforce.com/2006/04/metadata">
    <apiVersion>59.0</apiVersion>
    <isExposed>true</isExposed>
    <masterLabel>Call To Action</masterLabel>
    <targets>
        <target>lightning__AppPage</target>
        <target>lightning__RecordPage</target>
        <target>lightning__HomePage</target>
        <target>lightningCommunity__Page</target>
        <target>lightningCommunity__Default</target>
    </targets>
    <targetConfigs>
        <targetConfig targets="lightningCommunity__Default">

            <!-- Select Theme -->
            <property name="selectTheme" type="String" label="Select Theme For Call To Action" default="Theme 1" datasource="Theme 1, Theme 2"/>

            <!-- Properties Theme One-->
            <property name="callToActionThemeOneBackgroundImageURL" type="String" label="Theme One Background Image URL" default="https://wpmet.com/plugin/elementskit/wp-content/uploads/2021/06/call_to_action21.jpg"/>
            <property name="callToActionThemeOneHeading" type="String" label="Theme One Heading" default="Beautiful Landing Page with Elements"/>
            <property name="callToActionThemeOneHeadingFontColor" type="Color" label="Theme One Heading Font Color" default="White"/>
            <property name="callToActionThemeOneHeadingFontFamily" type="String" label="Theme One Heading Font Family" default="Sans-serif" datasource="Sans-serif, Helvetica,Arial,Arial Black ,Verdana ,Tahoma ,Trebuchet MS,Impact ,Gill Sans ,Times New Roman ,Georgia, Palatino, Baskerville, Andalé Mono, Courier, Lucida, Monaco, Bradley Hand, Brush Script MT, Luminari, Comic Sans MS"/>
            <property name="callToActionThemeOneSubHeading" type="String" label="Theme One Sub-Heading" default="A small river named Duden flows by their place and supplies it with the necessary regelialia. It is a
            paradisematic country."/>
            <property name="callToActionThemeOneSubHeadingFontColor" type="Color" label="Theme One Sub-Heading Font Color" default="White"/>
            <property name="callToActionThemeOneSubHeadingFontFamily" type="String" label="Theme One Sub-Heading Font Family" default="Sans-serif" datasource="Sans-serif, Helvetica,Arial,Arial Black ,Verdana ,Tahoma ,Trebuchet MS,Impact ,Gill Sans ,Times New Roman ,Georgia, Palatino, Baskerville, Andalé Mono, Courier, Lucida, Monaco, Bradley Hand, Brush Script MT, Luminari, Comic Sans MS"/>             
            
            <property name="callToActionThemeOneButtonFont" type="String" label="Theme One Button Text" default="Purchase Now"/>
            <property name="callToActionThemeOneButtonFontColor" type="Color" label="Theme One Button Font Color" default="White"/>
            <property name="callToActionThemeOneButtonFontFamily" type="String" label="Theme One Button Font Family" default="Sans-serif" datasource="Sans-serif, Helvetica,Arial,Arial Black ,Verdana ,Tahoma ,Trebuchet MS,Impact ,Gill Sans ,Times New Roman ,Georgia, Palatino, Baskerville, Andalé Mono, Courier, Lucida, Monaco, Bradley Hand, Brush Script MT, Luminari, Comic Sans MS"/>
            <property name="callToActionThemeOneButtonBackgroundColor" type="Color" label="Theme One Button Background Color" default="transparent"/>

            <property name="callToActionThemeOneButtonFontColorOnHover" type="Color" label="Theme One Button Font Color On Hover" default="Black"/>
            <property name="callToActionThemeOneButtonColorOnHover" type="Color" label="Theme One Button Background Color On Hover" default="white"/>
            
            <property name="callToActionThemeOneButtonBorderRadius" type="String" label="Theme One Button Border Radius" default="50"/>

            <!-- Properties Theme Two -->
            <property name="callToActionThemeTwoHeading" type="String" label="Theme Two Heading" default="Beautiful Landing Page with Elements"/>
            <property name="callToActionThemeTwoHeadingFontColor" type="Color" label="Theme Two Heading Font Color" default="Black"/>
            <property name="callToActionThemeTwoHeadingFontFamily" type="String" label="Theme Two Heading Font Family" default="Sans-serif" datasource="Sans-serif, Helvetica,Arial,Arial Black ,Verdana ,Tahoma ,Trebuchet MS,Impact ,Gill Sans ,Times New Roman ,Georgia, Palatino, Baskerville, Andalé Mono, Courier, Lucida, Monaco, Bradley Hand, Brush Script MT, Luminari, Comic Sans MS"/>
            <property name="callToActionThemeTwoSubHeading" type="String" label="Theme Two Sub-Heading" default="A small river named Duden flows by their place and supplies it with the necessary regelialia. It is a
            paradisematic country."/>
            <property name="callToActionThemeTwoSubHeadingFontColor" type="Color" label="Theme Two Sub-Heading Font Color" default="Black"/>
            <property name="callToActionThemeTwoSubHeadingFontFamily" type="String" label="Theme Two Sub-Heading Font Family" default="Sans-serif" datasource="Sans-serif, Helvetica,Arial,Arial Black ,Verdana ,Tahoma ,Trebuchet MS,Impact ,Gill Sans ,Times New Roman ,Georgia, Palatino, Baskerville, Andalé Mono, Courier, Lucida, Monaco, Bradley Hand, Brush Script MT, Luminari, Comic Sans MS"/>
            
            <property name="callToActionThemeTwoButtonFont" type="String" label="Theme Two Button Text" default="Purchase Now"/>
            <property name="callToActionThemeTwoButtonFontColor" type="Color" label="Theme Two Button Font Color" default="White"/>
            <property name="callToActionThemeTwoButtonFontFamily" type="String" label="Theme Two Button Font Family" default="Sans-serif" datasource="Sans-serif, Helvetica,Arial,Arial Black ,Verdana ,Tahoma ,Trebuchet MS,Impact ,Gill Sans ,Times New Roman ,Georgia, Palatino, Baskerville, Andalé Mono, Courier, Lucida, Monaco, Bradley Hand, Brush Script MT, Luminari, Comic Sans MS"/>
            <property name="callToActionThemeTwoButtonBackgroundColor" type="Color" label="Theme Two Button Background Color" default="rgb(255, 86, 87)"/>

            <property name="callToActionThemeTwoButtonFontColorOnHover" type="Color" label="Theme Two Button Font Color On Hover" default="Black"/>
            <property name="callToActionThemeTwoButtonColorOnHover" type="Color" label="Theme Two Button Background Color On Hover" default="rgb(255, 44, 45)"/>            
            <property name="callToActionThemeTwoButtonBorderRadius" type="String" label="Theme Two Button Border Radius" default="5"/>
        </targetConfig>
    </targetConfigs>
</LightningComponentBundle>