<?xml version="1.0" encoding="UTF-8"?>
<LightningComponentBundle xmlns="http://soap.sforce.com/2006/04/metadata">
    <apiVersion>59.0</apiVersion>
    <isExposed>true</isExposed>
    <masterLabel>Blurb</masterLabel>
    
    <targets>
        <target>lightning__AppPage</target>
        <target>lightning__RecordPage</target>
        <target>lightning__HomePage</target>
        <target>lightningCommunity__Page</target>
        <target>lightningCommunity__Default</target>
    </targets> 

    <targetConfigs>
        <targetConfig targets="lightningCommunity__Default">

            <!-- Container Background Color -->
            <property name="containerbackgroundcolor" type="Color" label="Container Background Color" default="white"/>

            <!-- Theme property -->
            <property name="blurbType" type="String" label="Blurb Theme" datasource="Theme 1, Theme 2" />

            <property name="title" type="String" default="Our Services"/>
            <property name="titleColor" type="Color" label="Title Color" default="black"/>

            <property name="description" type="String" default="SkyBlue Media is the right place for all things Salesforce and has been delivering exceptional services in the Salesforce ecosystem worldwide."/>
            <property name="descriptionColor" type="Color" label="Description Color" default="black"/>

            <!-- Image 1, Heading 1 & Description 1 Property -->
            <property name="themeoneimg1" type="String" label="Card 1 Icon URL" default="https://encrypted-tbn0.gstatic.com/images?q=tbn:ANd9GcQdLo-2BhlZpvhXl6FdTS5Qj3gwfXpvKswjXw"/>
            <property name="themeoneh1" type="String" label="Card 1 Title" default="Solitaire Icon"/>
            <property name="themeonesmalltag1" type="String" label="Card 1 Description" default="Vestibulum lobortis. Donec at euismod nibh, eu bibendum quam lorem ipsum."/>

            <!-- Image 2, Heading 2 & Description 2 Property -->
            <property name="themeoneimg2" type="String" label="Card 2 Icon URL" default="https://zehntech-1a-dev-ed--c.vf.force.com/resource/1706019047000/Icon2?"/>
            <property name="themeoneh2" type="String" label="Card 2 Title" default="Put it in a Circle"/>
            <property name="themeonesmalltag2" type="String" label="Card 2 Description" default="Vestibulum lobortis. Donec at euismod nibh, eu bibendum quam lorem ipsum."/>

            <!-- Image 3, Heading 3 & Description 3 Property -->
            <property name="themeoneimg3" type="String" label="Card 3 Icon URL" default="https://zehntech-1a-dev-ed--c.vf.force.com/resource/1706019090000/Icon3?"/>
            <property name="themeoneh3" type="String" label="Card 3 Title" default="Add an Outline"/>
            <property name="themeonesmalltag3" type="String" label="Card 3 Description" default="Vestibulum lobortis. Donec at euismod nibh, eu bibendum quam lorem ipsum."/>

            <!-- Image 4, Heading 4 & Description 4 Property -->
            <property name="themeoneimg4" type="String" label="Card 4 Icon URL" default="https://zehntech-1a-dev-ed--c.vf.force.com/resource/1706018990000/Icon1"/>
            <property name="themeoneh4" type="String" label="Card 4 Title" default="Solitaire Icon"/>
            <property name="themeonesmalltag4" type="String" label="Card 4 Description" default="Vestibulum lobortis. Donec at euismod nibh, eu bibendum quam lorem ipsum."/>

            <!-- Image 5, Heading 5 & Description 5 Property -->
            <property name="themeoneimg5" type="String" label="Card 5 Icon URL" default="https://zehntech-1a-dev-ed--c.vf.force.com/resource/1706019047000/Icon2?"/>
            <property name="themeoneh5" type="String" label="Card 5 Title" default="Put it in a Circle"/>
            <property name="themeonesmalltag5" type="String" label="Card 5 Description" default="Vestibulum lobortis. Donec at euismod nibh, eu bibendum quam lorem ipsum." />

            <!-- Image 6, Heading 6 & Description 6 Property -->
            <property name="themeoneimg6" type="String" label="Card 6 Icon URL" default="https://zehntech-1a-dev-ed--c.vf.force.com/resource/1706019090000/Icon3?"/>
            <property name="themeoneh6" type="String" label="Card 6 Title" default="Add an Outline"/>
            <property name="themeonesmalltag6" type="String" label="Card 6 Description" default="Vestibulum lobortis. Donec at euismod nibh, eu bibendum quam lorem ipsum." />

        </targetConfig>
    </targetConfigs>
</LightningComponentBundle>