<?xml version="1.0" encoding="UTF-8"?>
<LightningComponentBundle xmlns="http://soap.sforce.com/2006/04/metadata">
    <apiVersion>59.0</apiVersion>
    <isExposed>true</isExposed>
<targets>
<target>lightning__AppPage</target>
<target>lightning__RecordPage</target>
<target>lightning__HomePage</target>
<target>lightningCommunity__Page</target>
<target>lightningCommunity__Default</target>
</targets>
 <targetConfigs>
  <targetConfig targets="lightningCommunity__Default" >
  <property name="MainHeading" label="Heading" type="String" default="Portfolio Gallery"  />
  <property name="title" label="Heading1" type="String" default="Portfolio Gallery"  />

  <property name="MainHeadingClr" label="Heading Color" type="Color" default="coral"  />

   <property name="btnTextClr" label="Button Text Color" type="Color" default="#003"  /> 

   <property name="btnBackGroundClr" label="Button Background Color" type="Color" default="#eee"  />
   <property name="btnBorderClr" label="Button Border Color" type="Color" default="coral"  />
    <property name="btnBackGroundClrHvr" label="Button Background Color On Hover" type="Color" default="coral"  />
    <property name="btnTextClrHvr" label="Button Text Color On Hover" type="Color" default="#fff"  />

  </targetConfig>
</targetConfigs>
</LightningComponentBundle>