<?xml version="1.0" encoding="UTF-8"?>
<LightningComponentBundle xmlns="http://soap.sforce.com/2006/04/metadata">
  <apiVersion>59.0</apiVersion>
  <isExposed>true</isExposed>
  <masterLabel>Pricing Card</masterLabel>

  <targets>
    <target>lightning__AppPage</target>
    <target>lightning__RecordPage</target>
    <target>lightning__HomePage</target>
    <target>lightningCommunity__Page</target>
    <target>lightningCommunity__Default</target>
  </targets>
  <targetConfigs>
    <targetConfig targets="lightningCommunity__Default">

      <!-- Theme Selection -->

      <property
        name="themeType"
        type="String"
        label="Select Theme Type"
        default="Theme 1"
        datasource="Theme 1, Theme 2"
      />

      <!-- Theme 1 -->

      <property
        name="themeOneHeaderHeading"
        type="String"
        default="Our Pricing"
        label="Enter Heading"
      />
      <property
        name="themeOneHeaderHeadingFontFamily"
        type="String"
        default="Sans-serif"
        label="Heading Font Family"
        datasource="Sans-serif, Helvetica,Arial,Arial Black ,Verdana ,Tahoma ,Trebuchet MS,Impact ,Gill Sans ,Times New Roman ,Georgia, Palatino, Baskerville, Andalé Mono, Courier, Lucida, Monaco, Bradley Hand, Brush Script MT, Luminari, Comic Sans MS"
      />
      <property
        name="themeOneHeaderHeadingColor"
        type="Color"
        default="Black"
        label="Heading Font Color"
      />

      <!-- Theme 1 Even Cards -->

      <property
        name="themeOneEvenCardBackgoundColor"
        type="Color"
        default="#f6f8fa"
        label="Theme 1 Even Card Background Color "
      />
      <property
        name="themeOneEvenCardHeaderBackgroundColor"
        type="Color"
        default="#2a293e"
        label="Theme 1 Even Card Header Background Color"
      />

      <property
        name="themeOneEvenCardHeaderPtable1TitleFontFamily"
        type="String"
        default="Sans-serif"
        datasource="Sans-serif, Helvetica,Arial,Arial Black ,Verdana ,Tahoma ,Trebuchet MS,Impact ,Gill Sans ,Times New Roman ,Georgia, Palatino, Baskerville, Andalé Mono, Courier, Lucida, Monaco, Bradley Hand, Brush Script MT, Luminari, Comic Sans MS"
        label="Theme 1 Even Card Header Title Font Family"
      />

      <property
        name="themeOneEvenCardHeaderPtable1TitleColor"
        type="Color"
        default="#FFFFFF"
        label="Theme 1 Even Card Header Title Font Color"
      />

      <property
        name="themeOneEvenCardBodyValuesFontFamily"
        type="String"
        label="Theme 1 Even Card Body Values Font Family"
        datasource="Sans-serif, Helvetica,Arial,Arial Black ,Verdana ,Tahoma ,Trebuchet MS,Impact ,Gill Sans ,Times New Roman ,Georgia, Palatino, Baskerville, Andalé Mono, Courier, Lucida, Monaco, Bradley Hand, Brush Script MT, Luminari, Comic Sans MS"
      />

      <property name="themeOneEvenCardBodyValuesFontColor" type="Color" default="#2a293e"
        label="Theme1 Even Card Body Font Color" />

      <!-- Theme 1 Odd Cards -->

      <property
        name="themeOneOddCardBackgoundColor"
        type="Color"
        default="#f6f8fa"
        label="Theme 1 Odd Card Background Color"
      />
      <property
        name="themeOneOddCardHeaderBackgroundColor"
        type="Color"
        default="#ff6f61"
        label="Theme 1 Odd Card Header Background Color"
      />

      <property
        name="themeOneOddCardHeaderPtable1TitleFontFamily"
        type="String"
        default="Sans-serif"
        datasource="Sans-serif, Helvetica,Arial,Arial Black ,Verdana ,Tahoma ,Trebuchet MS,Impact ,Gill Sans ,Times New Roman ,Georgia, Palatino, Baskerville, Andalé Mono, Courier, Lucida, Monaco, Bradley Hand, Brush Script MT, Luminari, Comic Sans MS"
        label="Theme 1 Odd Card Header Title Font Family"
      />

      <property
        name="themeOneOddCardHeaderPtable1TitleColor"
        type="Color"
        default="#FFFFFF"
        label="Theme 1 Odd Card Header Title Font Color"
      />

      <property
        name="themeOneOddCardBodyValuesFontFamily"
        type="String"
        label="Theme 1 Odd Card Body Values Font Family"
        datasource="Sans-serif, Helvetica,Arial,Arial Black ,Verdana ,Tahoma ,Trebuchet MS,Impact ,Gill Sans ,Times New Roman ,Georgia, Palatino, Baskerville, Andalé Mono, Courier, Lucida, Monaco, Bradley Hand, Brush Script MT, Luminari, Comic Sans MS"
      />

      <property name="themeOneOddCardBodyValuesFontColor" type="Color" default="#2a293e"
        label="Theme1 Odd Card Body Font Color" />


      <!-- Theme Two -->

      <property
        name="themeTwoHeaderLabel1Value"
        type="String"
        label="Theme 2 Header Toggle Label 1"
        default="Monthly"
      />
      <property
        name="themeTwoHeaderLabel2Value"
        type="String"
        label="Theme 2 Header Toggle Label 2"
        default="Annually"
      />

      <property name="themeTwoHeaderCard1AnnualPrice" type="String" default="199.99" label="Theme 2 Annual Price For Card 1"/>
      <property name="themeTwoHeaderCard2AnnualPrice" type="String" default="249.99" label="Theme 2 Annual Price For Card 2"/>
      <property name="themeTwoHeaderCard3AnnualPrice" type="String" default="399.99" label="Theme 2 Annual Price For Card 3"/>

      <!-- Even Cards -->
      <property 
      name="themeTwoEvenCardBackgoundColor" 
      type="Color" 
      default="#FFFFFF"
      label="Theme Two Even Card Background Color" 
      />

      <!-- Odd Card -->
      <property 
      name="themeTwoOddCardBackgoundColor" 
      type="Color" 
      default="rgb(134, 140, 231)"
        label="Theme Two Odd Card Background Color" 
        />

      <property 
      name="themeTwoCardBodyFontFamily" 
      type="String"
        label="Theme 2 Card Body Font Family" 
        default="Sans-serif"
        datasource="Sans-serif, Helvetica,Arial,Arial Black ,Verdana ,Tahoma ,Trebuchet MS,Impact ,Gill Sans ,Times New Roman ,Georgia, Palatino, Baskerville, Andalé Mono, Courier, Lucida, Monaco, Bradley Hand, Brush Script MT, Luminari, Comic Sans MS" 
        />

        <property name="themeTwoCardBodyFontColor" type="Color" default="#000000" label="Theme 2 Card Body Font Color"/>


      <!-- Card 1 -->
      <property
        name="themeOneCard1Ptable1Title"
        type="String"
        label="Card 1 Title"
        default="Basic"
      />
      <property
        name="themeOneCard1Ptable1Price"
        type="String"
        label="Card 1 Price"
        default="19"
      />
      <property
        name="themeOneCard1Ptable1Row1Value"
        type="String"
        label="Card 1 Row 1 Value"
        default="Pure HTML and CSS"
      />
      <property
        name="themeOneCard1Ptable1Row2Value"
        type="String"
        label="Card 1 Row 2 Value"
        default="Responsive Design"
      />
      <property
        name="themeOneCard1Ptable1Row3Value"
        type="String"
        label="Card 1 Row 3 Value"
        default="Easy to Use"
      />
      <property
        name="themeOneCard1Ptable1Row4Value"
        type="String"
        label="Card 1 Row 4 Value"
        default="Well-commented Code"
      />
      <property
        name="themeOneCard1Ptable1Row5Value"
        type="String"
        label="Card 1 Row 5 Value"
      />
      <property
        name="themeOneCard1Ptable1Row6Value"
        type="String"
        label="Card 1 Row 6 Value"
      />
      <property
        name="themeOneCard1Ptable1Row7Value"
        type="String"
        label="Card 1 Row 7 Value"
      />
      <property
        name="themeOneCard1Ptable1Row8Value"
        type="String"
        label="Card 1 Row 8 Value"
      />
      <property
        name="themeOneCard1Ptable1Row9Value"
        type="String"
        label="Card 1 Row 9 Value"
      />
      <property
        name="themeOneCard1Ptable1Row10Value"
        type="String"
        label="Card 1 Row 10 Value"
      />
      <property
        name="themeOneCard1PtableButtonText"
        type="String"
        label="Card 1 Button Label"
        default="Buy Now"
      />
      <property
        name="themeOneCard1PtableButtonRenderURL"
        type="String"
        default="/"
        label="Card 1 Button Render URL"
      />

      <!-- Card 2 -->
      <property
        name="themeOneCard2Ptable1Title"
        type="String"
        label="Card 2 Title"
        default="Standard"
      />
      <property
        name="themeOneCard2Ptable1Price"
        type="String"
        label="Card 2 Price"
        default="24"
      />
      <property
        name="themeOneCard2Ptable1Row1Value"
        type="String"
        label="Card 2 Row 1 Value"
        default="Pure HTML and CSS"
      />
      <property
        name="themeOneCard2Ptable1Row2Value"
        type="String"
        label="Card 2 Row 2 Value"
        default="Responsive Design"
      />
      <property
        name="themeOneCard2Ptable1Row3Value"
        type="String"
        label="Card 2 Row 3 Value"
        default="Easy to Use"
      />
      <property
        name="themeOneCard2Ptable1Row4Value"
        type="String"
        label="Card 2 Row 4 Value"
        default="Well-commented Code"
      />
      <property
        name="themeOneCard2Ptable1Row5Value"
        type="String"
        label="Card 2 Row 5 Value"
      />
      <property
        name="themeOneCard2Ptable1Row6Value"
        type="String"
        label="Card 2 Row 6 Value"
      />
      <property
        name="themeOneCard2Ptable1Row7Value"
        type="String"
        label="Card 2 Row 7 Value"
      />
      <property
        name="themeOneCard2Ptable1Row8Value"
        type="String"
        label="Card 2 Row 8 Value"
      />
      <property
        name="themeOneCard2Ptable1Row9Value"
        type="String"
        label="Card 2 Row 9 Value"
      />
      <property
        name="themeOneCard2Ptable1Row10Value"
        type="String"
        label="Card 2 Row 10 Value"
      />
      <property
        name="themeOneCard2PtableButtonText"
        type="String"
        label="Card 2 Button Label"
        default="Buy Now"
      />
      <property
        name="themeOneCard2PtableButtonRenderURL"
        type="String"
        default="/"
        label="Card 2 Button Render URL"
      />


      <!-- Card 3 -->
      <property
        name="themeOneCard3Ptable1Title"
        type="String"
        label="Card 3 Title"
        default="Professional"
      />
      <property
        name="themeOneCard3Ptable1Price"
        type="String"
        label="Card 3 Price"
        default="32"
      />
      <property
        name="themeOneCard3Ptable1Row1Value"
        type="String"
        label="Card 3 Row 1 Value"
        default="Pure HTML and CSS"
      />
      <property
        name="themeOneCard3Ptable1Row2Value"
        type="String"
        label="Card 3 Row 2 Value"
        default="Responsive Design"
      />
      <property
        name="themeOneCard3Ptable1Row3Value"
        type="String"
        label="Card 3 Row 3 Value"
        default="Easy to Use"
      />
      <property
        name="themeOneCard3Ptable1Row4Value"
        type="String"
        label="Card 3 Row 4 Value"
        default="Well-commented Code"
      />
      <property
        name="themeOneCard3Ptable1Row5Value"
        type="String"
        label="Card 3 Row 5 Value"
      />
      <property
        name="themeOneCard3Ptable1Row6Value"
        type="String"
        label="Card 3 Row 6 Value"
      />
      <property
        name="themeOneCard3Ptable1Row7Value"
        type="String"
        label="Card 3 Row 7 Value"
      />
      <property
        name="themeOneCard3Ptable1Row8Value"
        type="String"
        label="Card 3 Row 8 Value"
      />
      <property
        name="themeOneCard3Ptable1Row9Value"
        type="String"
        label="Card 3 Row 9 Value"
      />
      <property
        name="themeOneCard3Ptable1Row10Value"
        type="String"
        label="Card 3 Row 10 Value"
      />
      <property
        name="themeOneCard3PtableButtonText"
        type="String"
        label="Card 3 Button Label"
        default="Buy Now"
      />
      <property
        name="themeOneCard3PtableButtonRenderURL"
        type="String"
        default="/"
        label="Card 3 Button Render URL"
      />
    </targetConfig>
  </targetConfigs>
</LightningComponentBundle>