<?xml version="1.0" encoding="UTF-8"?>
<LightningComponentBundle xmlns="http://soap.sforce.com/2006/04/metadata">
    <apiVersion>59.0</apiVersion>
       <isExposed>true</isExposed>
 <masterLabel>Career Page Old</masterLabel>

     <targets>
        <target>lightning__AppPage</target>
        <target>lightning__RecordPage</target>
        <target>lightning__HomePage</target>
        <target>lightningCommunity__Page</target>
        <target>lightningCommunity__Default</target>
    </targets> 
        <targetConfigs>

    <targetConfig targets="lightningCommunity__Default">
    <property name="headingColor" type="Color" default="#000000" label="Heading Color" /> 
    <property name="btnColor" type="Color" default="#0176D3" label="Button Color" /> 
    <property name="btnColorHvr" type="Color" default="#16437E" label="Button Color On Hover" /> 
    <property name="btnTxtColor" type="Color" default="#ffffff" label="Button Text Color" /> 
    <property name="cardBorderColor" type="Color"  default="#0000FF"  label="Card Border Color" /> 
    <property name="cardBackgroundColor" type="Color"  default="#fff" label="Card Background Color" />
    <property name="cardtxtcolor" type="Color" default="#0974DD"   label="Card Text Color" /> 

    <property name="backgroundHvrColor" type="Color"  default="#0974DD" label="Card Background Color On Hover" /> 

    <property name="cardtxtcolorHvr" type="Color"  default="#fff" label="Card Text Color On Hover" />

    <property name="templatePage" type="String" label="Api Name Of Template" default="TemplatePage__c" /> 

    </targetConfig>
    
    </targetConfigs>
</LightningComponentBundle>