<?xml version="1.0" encoding="UTF-8"?>
<LightningComponentBundle xmlns="http://soap.sforce.com/2006/04/metadata">
    <apiVersion>59.0</apiVersion>
    <isExposed>true</isExposed>
    <masterLabel>Team Cards</masterLabel>
    <targets>
        <target>lightning__AppPage</target>
        <target>lightning__RecordPage</target>
        <target>lightning__HomePage</target>
        <target>lightningCommunity__Page</target>
        <target>lightningCommunity__Default</target>
    </targets>
    <targetConfigs>
        <targetConfig targets="lightningCommunity__Default">
            <!-- Header Section Property -->
            <property name="headingTag" type="String" label="Heading" default="Meet Our Team"/>
            <property name="headingTagFontFamily" type="String" default="sans-serif" label="Heading Font Family" datasource="sans-serif, Helvetica,Arial,Arial Black ,Verdana ,Tahoma ,Trebuchet MS,Impact ,Gill Sans ,Times New Roman ,Georgia, Palatino, Baskerville, Andalé Mono, Courier, Lucida, Monaco, Bradley Hand, Brush Script MT, Luminari, Comic Sans MS"/>
            <property name="headingTagFontColor" type="Color" default="#1c68b3" label="Heading Font Color"/>

            <property name="subHeadingTag" type="String" label="Sub-Heading" default="Meet our esteemed partners and stakeholders, who are the backbone of Cyntexa, have made immense contributions to our growth and success. Their expertise in various domains and industries has made us a reliable partner for technological solutions globally."/>
            <property name="subHeadingFontFamily" type="String" default="sans-serif" label="Sub-Heading Font Family" datasource="sans-serif, Helvetica,Arial,Arial Black ,Verdana ,Tahoma ,Trebuchet MS,Impact ,Gill Sans ,Times New Roman ,Georgia, Palatino, Baskerville, Andalé Mono, Courier, Lucida, Monaco, Bradley Hand, Brush Script MT, Luminari, Comic Sans MS"/>
            <property name="subHeadingFontColor" type="Color" default="black" label="Sub-Heading Font Color"/>

            <property name="evenCardsBlockquotesColor" type="Color" default="#ff2c95" label="Even Cards Blockquotes and Title and Border Bottom Color"/>
            <property name="oddCardsBlockquotesColor" type="Color" default="#1c68b3" label="Odd Cards Blockquotes and Title and Border Bottom Color"/>

            <!-- Cards Property -->
            <!-- Card 1 -->
            <property name="card1ImageURL" type="String" label="Card 1 Image URL" default="https://images.pexels.com/photos/3586798/pexels-photo-3586798.jpeg"/>
            <property name="card1Description" type="String" label="Card 1 Description" default="Strategic leader adept at navigating projects, ensuring seamless execution with a keen eye for detail. Her proactive approach and excellent communication skills make her an invaluable asset to our team's success."/>
            <property name="card1TeamMemberName" type="String" label="Card 1 Team Member Name" default="Jane"/>
            <property name="card1TeamMemberDesignation" type="String" label="Card 1 Team Member Designation" default="Account Manager"/>

            <!-- Card 2 -->
            <property name="card2ImageURL" type="String" label="Card 2 Image URL" default="https://images.pexels.com/photos/775358/pexels-photo-775358.jpeg"/>
            <property name="card2Description" type="String" label="Card 2 Description" default="Visionary software architect, shaping digital landscapes with meticulous design. Masterful in crafting scalable architectures, driving innovation as a Software Architect with precision and expertise."/>
            <property name="card2TeamMemberName" type="String" label="Card 2 Team Member Name" default="Thomas"/>
            <property name="card2TeamMemberDesignation" type="String" label="Card 2 Team Member Designation" default="Software Developer"/>

            <!-- Card 3 -->
            <property name="card3ImageURL" type="String" label="Card 3 Image URL" default="https://images.pexels.com/photos/2787341/pexels-photo-2787341.jpeg"/>
            <property name="card3Description" type="String" label="Card 3 Description" default="Front-End Designer, orchestrating visual harmony and intuitive interfaces to redefine digital aesthetics with flair."/>
            <property name="card3TeamMemberName" type="String" label="Card 3 Team Member Name" default="Jasmine"/>
            <property name="card3TeamMemberDesignation" type="String" label="Card 3 Team Member Designation" default="Lead Front-End Designer"/>

            <!-- Card 4 -->
            <property name="card4ImageURL" type="String" label="Card 4 Image URL" default="https://images.pexels.com/photos/3586798/pexels-photo-3586798.jpeg"/>
            <property name="card4Description" type="String" label="Card 4 Description" default="Strategic leader adept at navigating projects, ensuring seamless execution with a keen eye for detail. Her proactive approach and excellent communication skills make her an invaluable asset to our team's success."/>
            <property name="card4TeamMemberName" type="String" label="Card 4 Team Member Name" default="Mike"/>
            <property name="card4TeamMemberDesignation" type="String" label="Card 4 Team Member Designation" default="Senior Web Developer"/>

            <!-- Card 5 -->
            <property name="card5ImageURL" type="String" label="Card 5 Image URL" default="https://images.pexels.com/photos/775358/pexels-photo-775358.jpeg"/>
            <property name="card5Description" type="String" label="Card 5 Description" default="Visionary software architect, shaping digital landscapes with meticulous design. Masterful in crafting scalable architectures, driving innovation as a Software Architect with precision and expertise."/>
            <property name="card5TeamMemberName" type="String" label="Card 5 Team Member Name" default="Williams"/>
            <property name="card5TeamMemberDesignation" type="String" label="Card 5 Team Member Designation" default="Software Architect"/>

            <!-- Card 6 -->
            <property name="card6ImageURL" type="String" label="Card 6 Image URL" default="https://images.pexels.com/photos/2787341/pexels-photo-2787341.jpeg"/>
            <property name="card6Description" type="String" label="Card 6 Description" default="Front-End Designer, orchestrating visual harmony and intuitive interfaces to redefine digital aesthetics with flair."/>
            <property name="card6TeamMemberName" type="String" label="Card 6 Team Member Name" default="Harry"/>
            <property name="card6TeamMemberDesignation" type="String" label="Card 6 Team Member Designation" default="Front-End Designer"/>

            <!-- Card 7 -->
            <property name="card7ImageURL" type="String" label="Card 7 Image URL" default="https://images.pexels.com/photos/3586798/pexels-photo-3586798.jpeg"/>
            <property name="card7Description" type="String" label="Card 7 Description" default="Strategic leader adept at navigating projects, ensuring seamless execution with a keen eye for detail. Her proactive approach and excellent communication skills make her an invaluable asset to our team's success."/>
            <property name="card7TeamMemberName" type="String" label="Card 7 Team Member Name" default="Diana"/>
            <property name="card7TeamMemberDesignation" type="String" label="Card 7 Team Member Designation" default="Head Of Project Management"/>

            <!-- Card 8 -->
            <property name="card8ImageURL" type="String" label="Card 8 Image URL" default="https://images.pexels.com/photos/775358/pexels-photo-775358.jpeg"/>
            <property name="card8Description" type="String" label="Card 8 Description" default="Visionary software architect, shaping digital landscapes with meticulous design. Masterful in crafting scalable architectures, driving innovation as a Software Architect with precision and expertise."/>
            <property name="card8TeamMemberName" type="String" label="Card 8 Team Member Name" default="Natalia"/>
            <property name="card8TeamMemberDesignation" type="String" label="Card 8 Team Member Designation" default="QA Engineer"/>

            <!-- Card 9 -->
            <property name="card9ImageURL" type="String" label="Card 9 Image URL" default="https://images.pexels.com/photos/2787341/pexels-photo-2787341.jpeg"/>
            <property name="card9Description" type="String" label="Card 9 Description" default="Front-End Designer, orchestrating visual harmony and intuitive interfaces to redefine digital aesthetics with flair."/>
            <property name="card9TeamMemberName" type="String" label="Card 9 Team Member Name" default="Scott"/>
            <property name="card9TeamMemberDesignation" type="String" label="Card 9 Team Member Designation" default="Software Developer"/>

            <!-- Card 10 -->
            <property name="card10ImageURL" type="String" label="Card 10 Image URL"/>
            <property name="card10Description" type="String" label="Card 10 Description"/>
            <property name="card10TeamMemberName" type="String" label="Card 10 Team Member Name"/>
            <property name="card10TeamMemberDesignation" type="String" label="Card 10 Team Member Designation"/>

            <!-- Card 11 -->
            <property name="card11ImageURL" type="String" label="Card 11 Image URL"/>
            <property name="card11Description" type="String" label="Card 11 Description"/>
            <property name="card11TeamMemberName" type="String" label="Card 11 Team Member Name"/>
            <property name="card11TeamMemberDesignation" type="String" label="Card 11 Team Member Designation"/>

            <!-- Card 12 -->
            <property name="card12ImageURL" type="String" label="Card 12 Image URL"/>
            <property name="card12Description" type="String" label="Card 12 Description"/>
            <property name="card12TeamMemberName" type="String" label="Card 12 Team Member Name"/>
            <property name="card12TeamMemberDesignation" type="String" label="Card 12 Team Member Designation"/>

            <!-- Card 13 -->
            <property name="card13ImageURL" type="String" label="Card 13 Image URL"/>
            <property name="card13Description" type="String" label="Card 13 Description"/>
            <property name="card13TeamMemberName" type="String" label="Card 13 Team Member Name"/>
            <property name="card13TeamMemberDesignation" type="String" label="Card 13 Team Member Designation"/>

            <!-- Card 14 -->
            <property name="card14ImageURL" type="String" label="Card 14 Image URL"/>
            <property name="card14Description" type="String" label="Card 14 Description"/>
            <property name="card14TeamMemberName" type="String" label="Card 14 Team Member Name"/>
            <property name="card14TeamMemberDesignation" type="String" label="Card 14 Team Member Designation"/>

            <!-- Card 15 -->
            <property name="card15ImageURL" type="String" label="Card 15 Image URL"/>
            <property name="card15Description" type="String" label="Card 15 Description"/>
            <property name="card15TeamMemberName" type="String" label="Card 15 Team Member Name"/>
            <property name="card15TeamMemberDesignation" type="String" label="Card 15 Team Member Designation"/>


        </targetConfig>
    </targetConfigs>
</LightningComponentBundle>