<?xml version="1.0" encoding="UTF-8"?>
<LightningComponentBundle xmlns="http://soap.sforce.com/2006/04/metadata">
    <apiVersion>55.0</apiVersion>
        <isExposed>true</isExposed>
    <masterLabel>ZT login</masterLabel>
    <targets>
        <target>lightning__AppPage</target>
        <target>lightning__RecordPage</target>
        <target>lightning__HomePage</target>
        <target>lightningCommunity__Page</target>
        <target>lightningCommunity__Default</target>
    </targets>
     <targetConfigs>  
        <targetConfig targets="lightningCommunity__Default">
        <!--<property name="networkname" type="String" label="Please Provide Your Network Name"/>-->
        <property name="redirect" type="string" default="/" label="Redirect Url" ></property>
        <property name="hrefgoogle" type="string"  label="SSO Url" description="Provide the Url from Experience Builder site which you use from  Auth Provider "></property>
        <property name="contentId" type="ContentReference" filter="cms_image" default="" label="Drop image"/>
        <property name="imageUrl" type="string" default="/" label="Image Url" ></property>
        <property name="imageshow" type="string" datasource="none,block" default="block" label="Image Shown"></property>
        <property name="margintop" type="string"  label="Card Margin Top"></property>
        <property name="marginbottom" type="string"  label="Card Margin Bottom"></property>
        <property name="divheight" type="string" default="439px" label="Image height" ></property>
        <property name="containerradius" type="String" default="8px" label="Border Radius" description="Change the radius of card"></property>
        <property name="borderradius" type="String" default="12px" label="Input Radius"></property>
        <property name="btnbgcolor" type="color" default="#2196f3" label="Button Color"></property>
        <property name="btnbghover" type="color" default=" #e91e63" label="Button Hover Color"></property>
        <property name="backgroundcolor" type="color" default="rgb(171, 116, 244)" label="Background Color"></property>
        <property name="signup" type="String"  label="Sign Up Url"></property>
        <property name="forgot" type="String"  label="Forgot PasswordUrl"></property>
        </targetConfig>
    </targetConfigs>
</LightningComponentBundle>