<?xml version="1.0" encoding="UTF-8"?>
    <LightningComponentBundle xmlns="http://soap.sforce.com/2006/04/metadata">
        <apiVersion>55.0</apiVersion>
        <isExposed>true</isExposed>
        <masterLabel> ZT new calendar </masterLabel> <!-- custom component name --> 
        <targets>
           
            <target>lightningCommunity__Page</target>
            <target>lightningCommunity__Default</target>
        </targets>
        <targetConfigs>
            <targetConfig targets="lightningCommunity__Default">
            <property name="slotmonths" type="String"  datasource="One Month,Three Months,Six Months,One Year" label="Select months" description=" Select according to your requrments "/>
            <property name="officestarttime" type="String" label="Office Check In Time" description="the time format should be in 24-hours, with the format being HH:MM:SS (hours, minutes, and seconds)."/>
            <property name="officeclosetime" type="String" label="Office Check Out Time" description="time format should be in 24-hours, with the format being HH:MM:SS (hours, minutes, and seconds)."/>
            <property name="lunchstarttime" type="String" label="Lunch Start Time" description="time format should be in 24-hours, with the format being HH:MM:SS (hours, minutes, and seconds)." />
            <property name="lunchendtime" type="String" label="Lunch End Time" description="time format should be in 24-hours, with the format being HH:MM:SS (hours, minutes, and seconds)."/>
            <property name="timediff" type="String"  datasource="15,30,45,60"  label="Meeting Duration" description="What is your desired meeting duration"/>


                <property name="username" type="String"  default="Appointment with Jon Snow" label="Heding One"/>
                <property name="user_image" type="String"  label="User Image Url"/>
                <property name="time" type="String"  default="3O minutes" label="Time"/>
                <property name="location" type="String"  default="Asia/Kolkata" label="Location"/>
                <property name="aboutcall" type="String"  default="In this call, we'll discuss the best
                way to lead an army and rule a kingdom." label="Location"/>
                <property name="text" type="String"  default="This is only a demo page so you can test the
                booking experience. When you schedule an
                appointment using this page, you'll be shown a
                confirmation page but the appointment won't
                actually be booked and no emails will be sent." label="Time"/>
                <!--========================================== for holidays =========================================-->
                <property name="sunday" type="Boolean" default="false" label="Sunday" />
                <property name="monday" type="Boolean" default="false" label="Monday " />
                <property name="tuesday" type="Boolean" default="false" label="Tuesday" />
                <property name="wednesday" type="Boolean" default="false" label="Wednesday" />
                <property name="thursday" type="Boolean" default="false" label="Thursday" />
                <property name="friday" type="Boolean" default="false" label="Friday" />
                <property name="saturday" type="Boolean" default="false" label="Saturday" />

                <property name="createappointments" type="Boolean" default="false" label="Create Appointments" description="After fill all details ok and after creating meetings again uncheck  "/>



            </targetConfig>
        </targetConfigs>
</LightningComponentBundle>