<?xml version="1.0" encoding="UTF-8"?>
<LightningComponentBundle xmlns="http://soap.sforce.com/2006/04/metadata">
    <apiVersion>59.0</apiVersion>
    <isExposed>true</isExposed>
    <masterLabel>Animated Headline</masterLabel>
    <targets>
        <target>lightning__AppPage</target>
        <target>lightning__RecordPage</target>
        <target>lightning__HomePage</target>
        <target>lightningCommunity__Page</target>
        <target>lightningCommunity__Default</target>
    </targets>

    <targetConfigs>
        <targetConfig targets="lightningCommunity__Default">

         
            <property name="backgroundImg" type="String" default="https://elementsreadycom2d42d.zapwp.com/q:intelligent/r:0/wp:1/w:1/u:https://elementsready.com/wp-content/uploads/2021/02/05_background_design-2.png" label="Main Background Image Url" description="It is applicable for Large screen Only"/>

            <property name="backgroundColor" type="Color"  default="#F7F7F7"  label="Main Background Color" />


            <property name="imageurl" type="String" default="https://elementsreadycom2d42d.zapwp.com/q:i/r:0/wp:1/w:647/u:https://elementsready.com/wp-content/uploads/2021/05/Graphics.png" label="Image Url"/>


            <property name="buttonColor" type="Color"  default="#FFF1E8" label="Button Color" />

            <property name="buttonText" type="String" default="About Us" label="Button Text" />

            <property name="buttonTextColor" type="Color"  default="#FC7318" label="Button Text Color" />

            <property name="buttonBorderColor" type="Color"  default="#FFF1E8" label="Button Border Color" />

            <property name="redirectUrl" type="String" default="https://google.com" label="Button Url" />



            <property name="heading" type="String" default="We Are Digital Marketing Agency In Usa" label="Heading"/>

            <property name="headingclr" type="Color"  default="#4F6592"  label="Heading Color" />

            <property name="headingfontfamily" type="String" default="Sans-serif" datasource="Sans-serif,Poppins,ui-serif,system-ui,fantasy,cursive,monospace,serif,unset,revert,initial,inherit,fangsong,math,emoji,ui-monospace,ui-sans-serif,ui-serif"  label="Heading Font Family" />



            <property name="subheading" type="String" default="Applying advance design of feature list to make it look appealing for visitors to take their immediate purchase decision Applying advance design of feature list to make it look appealing for visitors to take their immediate purchase decision
        Applying advance design of feature list to make it look appealing for visitors to take their immediate purchase decision" label="Sub Heading"/>

            <property name="subheadingcolor" type="Color"  default="#808080" label="Sub Heading Color" />

            <property name="subheadingfontfamily" type="String" default="Sans-serif" datasource="Sans-serif,Poppins,ui-serif,system-ui,fantasy,cursive,monospace,serif,unset,revert,initial,inherit,fangsong,math,emoji,ui-monospace,ui-sans-serif,ui-serif" label="Sub Heading Font Family" />



            <property name="highlightText" type="String" default="Digital" label="Heading Highlight Text" />

            <property name="highlightColor" type="Color"  default="#FF5800" label="Heading Highlight Text Color" />

            <property name="typewriterValues" type="String" default="" label="Typewriter Values" description="Values Are Comma Seprated"/>

            <property name="typewriterVariant" type="String" label="Animation Type" default="Type 1" datasource="Type 1,Type 2,Type 3,Type 4" />

            <property name="typewriterPeriod" type="Integer" label="Type 1, Type 2 Typewriter Speed " default="2000"/>

        </targetConfig>
    </targetConfigs>
</LightningComponentBundle>
