<?xml version="1.0" encoding="UTF-8"?>
<LightningComponentBundle xmlns="http://soap.sforce.com/2006/04/metadata">
    <apiVersion>59.0</apiVersion>
    <isExposed>true</isExposed>
    <masterLabel>Animated Heading2</masterLabel>
    <targets>
        <target>lightning__AppPage</target>
        <target>lightning__RecordPage</target>
        <target>lightning__HomePage</target>
        <target>lightningCommunity__Page</target>
        <target>lightningCommunity__Default</target>
    </targets>

    <targetConfigs>
        <targetConfig targets="lightningCommunity__Default">

            <property name="selectTheme" type="String" datasource="Theme 1, Theme 2" default="Theme 1" label="Select Theme"/>

           

            <property name="imageurl" type="String" default="https://cdn.dribbble.com/users/1386214/screenshots/5546601/newfeatures_2.gif" label="Image Url"/>

            <property name="heading" type="String" default="We Are Digital Marketing Agency In Usa" label="Heading"/>

          
            <property name="subheading" type="String" default="Applying advance design of feature list to make it look appealing for visitors to take their immediate purchase decision Applying advance design of feature list to make it look appealing for visitors to take their immediate purchase decision
        Applying advance design of feature list to make it look appealing for visitors to take their immediate purchase decision" label="Sub Heading"/>

            <property name="redirectUrl" type="String" default="https://google.com" label="Button Url" />

            <property name="highlightText" type="String" default="Agency" label="Highlight Text" />

            <property name="highlightColor" type="Color"  default="#ff0000" label="Highlight Text Color" />

            <property name="typewriterValues" type="String" default="Digital Marketing Agency, Web Development Agency, SEO Agency, Social Media Agency" label="Typewriter Values" />


        </targetConfig>
    </targetConfigs>
</LightningComponentBundle>
