<?xml version="1.0" encoding="UTF-8" ?>
<LightningComponentBundle xmlns="http://soap.sforce.com/2006/04/metadata">
    <apiVersion>59.0</apiVersion>
    <isExposed>true</isExposed>
    <masterLabel>FAQs</masterLabel>
    <targets>
        <target>lightning__AppPage</target>
        <target>lightning__RecordPage</target>
        <target>lightning__HomePage</target>
        <target>lightningCommunity__Page</target>
        <target>lightningCommunity__Default</target>
    </targets>
    <targetConfigs>
        <targetConfig targets="lightningCommunity__Default">
            <property name="themeType" type="String" default="Theme 1" label="Select Theme Type" datasource="Theme 1, Theme 2"/>
            <property
        name="themeOneHeading"
        type="String"
        label="Heading"
        default="Faq's"
      />
            <property
        name="themeOneHeadingColor"
        type="Color"
        label="Heading Color"
        default="#f16fa9"
      />
            <property
        name="themeOneHeadingFontFamily"
        type="String"
        label="Heading Font Family"
        default="Sans-serif"
        datasource="Sans-serif, Helvetica,Arial,Arial Black ,Verdana ,Tahoma ,Trebuchet MS,Impact ,Gill Sans ,Times New Roman ,Georgia, Palatino, Baskerville, Andalé Mono, Courier, Lucida, Monaco, Bradley Hand, Brush Script MT, Luminari, Comic Sans MS"
      />

      <property name="themeOneFAQsBackgroundColor" type="Color" default="#f2f2f2" label="Background Color Of FAQ Cards"/>
      <property name="themeOneFAQsBackgroundColorOnHover" type="Color" default="#E6E6FA" label="Background Color Of FAQ Cards On Cards Hover"/>

      <property name="themeOneActiveFAQBackgroundColor" type="Color" default="#E0E0E0" label="Background Color Of Active FAQ"/>

      <property name="themeOneQuestionsFontFamily" type="String" default="Sans-serif" label="Questions Font Family" datasource="Sans-serif, Helvetica,Arial,Arial Black ,Verdana ,Tahoma ,Trebuchet MS,Impact ,Gill Sans ,Times New Roman ,Georgia, Palatino, Baskerville, Andalé Mono, Courier, Lucida, Monaco, Bradley Hand, Brush Script MT, Luminari, Comic Sans MS"/>

      <property name="themeOneQuestionsFontColor" type="Color" default="#000000" label="Questions Font Color"/>

      <property name="themeOneAnswersFontFamily" type="String" default="Sans-serif" label="Answers Font Family" datasource="Sans-serif, Helvetica,Arial,Arial Black ,Verdana ,Tahoma ,Trebuchet MS,Impact ,Gill Sans ,Times New Roman ,Georgia, Palatino, Baskerville, Andalé Mono, Courier, Lucida, Monaco, Bradley Hand, Brush Script MT, Luminari, Comic Sans MS"/>

      <property name="themeOneAnswersFontColor" type="Color" default="#000000" label="Answers Font Color"/>

      <property name="themeTwoImageURL" type="String" label="Theme 2 Image URL" default="https://images01.nicepage.com/a1389d7bc73adea1e1c1fb7e/2101f0b4d7fb507285c139ae/Untitled-3.png"/>


      <property name="faqQuestion1" type="String" label="FAQ Question 1" default="What factors should I consider when purchasing homeowners insurance?"/>
      <property name="faqAnswer1" type="String" label="FAQ  Answer 1" default="Lorem ipsum dolor sit amet, consectetur adipiscing elit. Curabitur id suscipit ex. Suspendisse rhoncus laoreet purus quis elementum. Phasellus sed efficitur dolor, et ultricies sapien. Quisque fringilla sit amet dolor commodo efficitur. Aliquam et sem odio. In ullamcorper nisi nunc, et molestie ipsum iaculis sit amet."/>

      <property name="faqQuestion2" type="String" label="FAQ Question 2" default="What are the policy limits (i.e., coverage limits) in the standard homeowners policy?"/>
      <property name="faqAnswer2" type="String" label="FAQ  Answer 2" default="Lorem ipsum dolor sit amet, consectetur adipiscing elit. Curabitur id suscipit ex. Suspendisse rhoncus laoreet purus quis elementum. Phasellus sed efficitur dolor, et ultricies sapien. Quisque fringilla sit amet dolor commodo efficitur. Aliquam et sem odio. In ullamcorper nisi nunc, et molestie ipsum iaculis sit amet."/>

      <property name="faqQuestion3" type="String" label="FAQ Question 3" default="Where and when is my personal property covered?"/>
      <property name="faqAnswer3" type="String" label="FAQ  Answer 3" default="Lorem ipsum dolor sit amet, consectetur adipiscing elit. Curabitur id suscipit ex. Suspendisse rhoncus laoreet purus quis elementum. Phasellus sed efficitur dolor, et ultricies sapien. Quisque fringilla sit amet dolor commodo efficitur. Aliquam et sem odio. In ullamcorper nisi nunc, et molestie ipsum iaculis sit amet."/>

      <property name="faqQuestion4" type="String" label="FAQ Question 4" default="Do I need earthquake coverage? How can I get it?"/>
      <property name="faqAnswer4" type="String" label="FAQ  Answer 4" default="Lorem ipsum dolor sit amet, consectetur adipiscing elit. Curabitur id suscipit ex. Suspendisse rhoncus laoreet purus quis elementum. Phasellus sed efficitur dolor, et ultricies sapien. Quisque fringilla sit amet dolor commodo efficitur. Aliquam et sem odio. In ullamcorper nisi nunc, et molestie ipsum iaculis sit amet."/>

      <property name="faqQuestion5" type="String" label="FAQ Question 5" default="What does homeowners insurance cover?"/>
      <property name="faqAnswer5" type="String" label="FAQ  Answer 5" default="Lorem ipsum dolor sit amet, consectetur adipiscing elit. Curabitur id suscipit ex. Suspendisse rhoncus laoreet purus quis elementum. Phasellus sed efficitur dolor, et ultricies sapien. Quisque fringilla sit amet dolor commodo efficitur. Aliquam et sem odio. In ullamcorper nisi nunc, et molestie ipsum iaculis sit amet."/>

      <property name="faqQuestion6" type="String" label="FAQ Question 6"/>
      <property name="faqAnswer6" type="String" label="FAQ  Answer 6"/>

      <property name="faqQuestion7" type="String" label="FAQ Question 7"/>
      <property name="faqAnswer7" type="String" label="FAQ  Answer 7"/>

      <property name="faqQuestion8" type="String" label="FAQ Question 8"/>
      <property name="faqAnswer8" type="String" label="FAQ  Answer 8"/>

      <property name="faqQuestion9" type="String" label="FAQ Question 9"/>
      <property name="faqAnswer9" type="String" label="FAQ  Answer 9"/>

      <property name="faqQuestion10" type="String" label="FAQ Question 10"/>
      <property name="faqAnswer10" type="String" label="FAQ  Answer 10"/>

      <property name="faqQuestion11" type="String" label="FAQ Question 11"/>
      <property name="faqAnswer11" type="String" label="FAQ  Answer 11"/>

      <property name="faqQuestion12" type="String" label="FAQ Question 12"/>
      <property name="faqAnswer12" type="String" label="FAQ  Answer 12"/>

      <property name="faqQuestion13" type="String" label="FAQ Question 13"/>
      <property name="faqAnswer13" type="String" label="FAQ  Answer 13"/>

      <property name="faqQuestion14" type="String" label="FAQ Question 14"/>
      <property name="faqAnswer14" type="String" label="FAQ  Answer 14"/>

      <property name="faqQuestion15" type="String" label="FAQ Question 15"/>
      <property name="faqAnswer15" type="String" label="FAQ  Answer 15"/>

    </targetConfig>
    </targetConfigs>
</LightningComponentBundle>