<?xml version="1.0" encoding="UTF-8"?>
<Flow xmlns="http://soap.sforce.com/2006/04/metadata">
    <apiVersion>59.0</apiVersion>
    <description>this reacord is created for testing</description>
    <environments>Default</environments>
    <interviewLabel>Create reacord element {!$Flow.CurrentDateTime}</interviewLabel>
    <label>Create reacord element</label>
    <processMetadataValues>
        <name>BuilderType</name>
        <value>
            <stringValue>LightningFlowBuilder</stringValue>
        </value>
    </processMetadataValues>
    <processMetadataValues>
        <name>CanvasMode</name>
        <value>
            <stringValue>FREE_FORM_CANVAS</stringValue>
        </value>
    </processMetadataValues>
    <processMetadataValues>
        <name>OriginBuilderType</name>
        <value>
            <stringValue>LightningFlowBuilder</stringValue>
        </value>
    </processMetadataValues>
    <processType>Flow</processType>
    <recordCreates>
        <name>create_record</name>
        <label>create record</label>
        <locationX>499</locationX>
        <locationY>290</locationY>
        <inputAssignments>
            <field>Name</field>
            <value>
                <elementReference>account_name</elementReference>
            </value>
        </inputAssignments>
        <inputAssignments>
            <field>NumberofLocations__c</field>
            <value>
                <elementReference>no_of_location</elementReference>
            </value>
        </inputAssignments>
        <object>Account</object>
        <storeOutputAutomatically>true</storeOutputAutomatically>
    </recordCreates>
    <screens>
        <name>create_account</name>
        <label>create account</label>
        <locationX>499</locationX>
        <locationY>173</locationY>
        <allowBack>false</allowBack>
        <allowFinish>true</allowFinish>
        <allowPause>false</allowPause>
        <connector>
            <targetReference>create_record</targetReference>
        </connector>
        <fields>
            <name>account_name</name>
            <dataType>String</dataType>
            <fieldText>account name</fieldText>
            <fieldType>InputField</fieldType>
            <inputsOnNextNavToAssocScrn>UseStoredValues</inputsOnNextNavToAssocScrn>
            <isRequired>true</isRequired>
        </fields>
        <fields>
            <name>no_of_location</name>
            <dataType>Number</dataType>
            <fieldText>no of location</fieldText>
            <fieldType>InputField</fieldType>
            <inputsOnNextNavToAssocScrn>UseStoredValues</inputsOnNextNavToAssocScrn>
            <isRequired>true</isRequired>
            <scale>0</scale>
        </fields>
        <showFooter>true</showFooter>
        <showHeader>true</showHeader>
    </screens>
    <start>
        <locationX>373</locationX>
        <locationY>48</locationY>
        <connector>
            <targetReference>create_account</targetReference>
        </connector>
    </start>
    <status>Draft</status>
    <variables>
        <name>variable</name>
        <dataType>String</dataType>
        <isCollection>false</isCollection>
        <isInput>false</isInput>
        <isOutput>false</isOutput>
        <value>
            <elementReference>account_name</elementReference>
        </value>
    </variables>
    <variables>
        <name>variables</name>
        <dataType>String</dataType>
        <isCollection>false</isCollection>
        <isInput>false</isInput>
        <isOutput>false</isOutput>
    </variables>
</Flow>
