<?xml version="1.0" encoding="UTF-8"?>
<Flow xmlns="http://soap.sforce.com/2006/04/metadata" xmlns:xsi="http://www.w3.org/2001/XMLSchema-instance">
    <apiVersion>59.0</apiVersion>
    <dynamicChoiceSets>
        <name>stage</name>
        <dataType>Picklist</dataType>
        <displayField xsi:nil="true"/>
        <object xsi:nil="true"/>
        <picklistField>StageName</picklistField>
        <picklistObject>Opportunity</picklistObject>
    </dynamicChoiceSets>
    <environments>Default</environments>
    <interviewLabel>Account {!$Flow.CurrentDateTime}</interviewLabel>
    <label>Create Account Contact oppo</label>
    <processMetadataValues>
        <name>BuilderType</name>
        <value>
            <stringValue>LightningFlowBuilder</stringValue>
        </value>
    </processMetadataValues>
    <processMetadataValues>
        <name>CanvasMode</name>
        <value>
            <stringValue>AUTO_LAYOUT_CANVAS</stringValue>
        </value>
    </processMetadataValues>
    <processMetadataValues>
        <name>OriginBuilderType</name>
        <value>
            <stringValue>LightningFlowBuilder</stringValue>
        </value>
    </processMetadataValues>
    <processType>Flow</processType>
    <recordCreates>
        <description>this record is created for account</description>
        <name>Accountrecord_creation</name>
        <label>Accountrecord creation</label>
        <locationX>176</locationX>
        <locationY>458</locationY>
        <connector>
            <targetReference>Contact_record_cration</targetReference>
        </connector>
        <inputAssignments>
            <field>Name</field>
            <value>
                <elementReference>Account_name</elementReference>
            </value>
        </inputAssignments>
        <inputAssignments>
            <field>NumberOfEmployees</field>
            <value>
                <elementReference>Number_of_employees</elementReference>
            </value>
        </inputAssignments>
        <object>Account</object>
        <storeOutputAutomatically>true</storeOutputAutomatically>
    </recordCreates>
    <recordCreates>
        <name>Contact_record_cration</name>
        <label>Contact record cration</label>
        <locationX>176</locationX>
        <locationY>566</locationY>
        <connector>
            <targetReference>Opportunity_record_creation</targetReference>
        </connector>
        <inputAssignments>
            <field>AccountId</field>
            <value>
                <elementReference>Accountrecord_creation</elementReference>
            </value>
        </inputAssignments>
        <inputAssignments>
            <field>Account__c</field>
            <value>
                <elementReference>Accountrecord_creation</elementReference>
            </value>
        </inputAssignments>
        <inputAssignments>
            <field>Email</field>
            <value>
                <elementReference>Email</elementReference>
            </value>
        </inputAssignments>
        <inputAssignments>
            <field>LastName</field>
            <value>
                <elementReference>Last_name</elementReference>
            </value>
        </inputAssignments>
        <object>Contact</object>
        <storeOutputAutomatically>true</storeOutputAutomatically>
    </recordCreates>
    <recordCreates>
        <name>Opportunity_record_creation</name>
        <label>Opportunity record creation</label>
        <locationX>176</locationX>
        <locationY>674</locationY>
        <connector>
            <targetReference>send_email_to_user</targetReference>
        </connector>
        <inputAssignments>
            <field>AccountId</field>
            <value>
                <elementReference>Accountrecord_creation</elementReference>
            </value>
        </inputAssignments>
        <inputAssignments>
            <field>CloseDate</field>
            <value>
                <elementReference>Colsed_Date</elementReference>
            </value>
        </inputAssignments>
        <inputAssignments>
            <field>Name</field>
            <value>
                <elementReference>Opp_name</elementReference>
            </value>
        </inputAssignments>
        <inputAssignments>
            <field>StageName</field>
            <value>
                <elementReference>stagename</elementReference>
            </value>
        </inputAssignments>
        <object>Opportunity</object>
        <storeOutputAutomatically>true</storeOutputAutomatically>
    </recordCreates>
    <screens>
        <name>Account</name>
        <label>Account</label>
        <locationX>176</locationX>
        <locationY>134</locationY>
        <allowBack>false</allowBack>
        <allowFinish>true</allowFinish>
        <allowPause>false</allowPause>
        <connector>
            <targetReference>Contact</targetReference>
        </connector>
        <fields>
            <name>Account_name</name>
            <dataType>String</dataType>
            <fieldText>Account name</fieldText>
            <fieldType>InputField</fieldType>
            <inputsOnNextNavToAssocScrn>UseStoredValues</inputsOnNextNavToAssocScrn>
            <isRequired>false</isRequired>
        </fields>
        <fields>
            <name>Number_of_employees</name>
            <dataType>Number</dataType>
            <fieldText>Number of employees</fieldText>
            <fieldType>InputField</fieldType>
            <inputsOnNextNavToAssocScrn>UseStoredValues</inputsOnNextNavToAssocScrn>
            <isRequired>false</isRequired>
            <scale>0</scale>
        </fields>
        <showFooter>true</showFooter>
        <showHeader>true</showHeader>
    </screens>
    <screens>
        <name>Contact</name>
        <label>Contact</label>
        <locationX>176</locationX>
        <locationY>242</locationY>
        <allowBack>true</allowBack>
        <allowFinish>true</allowFinish>
        <allowPause>true</allowPause>
        <connector>
            <targetReference>Opportunity</targetReference>
        </connector>
        <fields>
            <name>Last_name</name>
            <dataType>String</dataType>
            <fieldText>Last name</fieldText>
            <fieldType>InputField</fieldType>
            <inputsOnNextNavToAssocScrn>UseStoredValues</inputsOnNextNavToAssocScrn>
            <isRequired>false</isRequired>
        </fields>
        <fields>
            <name>Email</name>
            <dataType>String</dataType>
            <fieldText>Email</fieldText>
            <fieldType>InputField</fieldType>
            <inputsOnNextNavToAssocScrn>UseStoredValues</inputsOnNextNavToAssocScrn>
            <isRequired>false</isRequired>
        </fields>
        <showFooter>true</showFooter>
        <showHeader>true</showHeader>
    </screens>
    <screens>
        <name>Opportunity</name>
        <label>Opportunity</label>
        <locationX>176</locationX>
        <locationY>350</locationY>
        <allowBack>true</allowBack>
        <allowFinish>true</allowFinish>
        <allowPause>true</allowPause>
        <connector>
            <targetReference>Accountrecord_creation</targetReference>
        </connector>
        <fields>
            <name>Opp_name</name>
            <dataType>String</dataType>
            <fieldText>Opp name</fieldText>
            <fieldType>InputField</fieldType>
            <inputsOnNextNavToAssocScrn>UseStoredValues</inputsOnNextNavToAssocScrn>
            <isRequired>false</isRequired>
        </fields>
        <fields>
            <name>Colsed_Date</name>
            <dataType>Date</dataType>
            <fieldText>Colsed Date</fieldText>
            <fieldType>InputField</fieldType>
            <inputsOnNextNavToAssocScrn>UseStoredValues</inputsOnNextNavToAssocScrn>
            <isRequired>false</isRequired>
        </fields>
        <fields>
            <name>stagename</name>
            <choiceReferences>stage</choiceReferences>
            <dataType>String</dataType>
            <fieldText>stage</fieldText>
            <fieldType>DropdownBox</fieldType>
            <inputsOnNextNavToAssocScrn>UseStoredValues</inputsOnNextNavToAssocScrn>
            <isRequired>false</isRequired>
        </fields>
        <showFooter>true</showFooter>
        <showHeader>true</showHeader>
    </screens>
    <start>
        <locationX>50</locationX>
        <locationY>0</locationY>
        <connector>
            <targetReference>Account</targetReference>
        </connector>
    </start>
    <status>Active</status>
    <subflows>
        <name>send_email_to_user</name>
        <label>send email to user</label>
        <locationX>176</locationX>
        <locationY>782</locationY>
        <flowName>Email_flow_to_user</flowName>
        <inputAssignments>
            <name>email</name>
            <value>
                <elementReference>Email</elementReference>
            </value>
        </inputAssignments>
        <inputAssignments>
            <name>emailbody</name>
            <value>
                <elementReference>Emailtemplete</elementReference>
            </value>
        </inputAssignments>
    </subflows>
    <textTemplates>
        <name>Emailtemplete</name>
        <isViewedAsPlainText>false</isViewedAsPlainText>
        <text>&lt;p&gt;Hello{!Last_name}&lt;/p&gt;&lt;p&gt;&lt;br&gt;&lt;/p&gt;&lt;p&gt;here is email from subflow&lt;/p&gt;</text>
    </textTemplates>
</Flow>
