<?xml version="1.0" encoding="UTF-8"?>
<Flow xmlns="http://soap.sforce.com/2006/04/metadata">
    <choices>
        <name>S_2eb94228_e500_427a_b036_d8309cd477e6</name>
        <choiceText>2</choiceText>
        <dataType>Number</dataType>
        <value>
            <numberValue>2.0</numberValue>
        </value>
    </choices>
    <choices>
        <name>S_77441b87_83f2_44e5_b94c_1a1b1256987c</name>
        <choiceText>3</choiceText>
        <dataType>Number</dataType>
        <value>
            <numberValue>3.0</numberValue>
        </value>
    </choices>
    <choices>
        <name>S_7e31de08_7cec_4b46_8105_8f83826a6503</name>
        <choiceText>4</choiceText>
        <dataType>Number</dataType>
        <value>
            <numberValue>4.0</numberValue>
        </value>
    </choices>
    <choices>
        <name>S_a213b170_6bd8_4365_a8e9_83a1447b688f</name>
        <choiceText>Bad</choiceText>
        <dataType>Number</dataType>
        <value>
            <numberValue>1.0</numberValue>
        </value>
    </choices>
    <choices>
        <name>S_dc19498f_25e3_4670_9f89_221b1bef5ce6</name>
        <choiceText>Good</choiceText>
        <dataType>Number</dataType>
        <value>
            <numberValue>5.0</numberValue>
        </value>
    </choices>
    <interviewLabel>Customer Satisfaction</interviewLabel>
    <label>Customer Satisfaction</label>
    <processMetadataValues>
        <name>advanceThankYouPageEnabled</name>
        <value>
            <booleanValue>false</booleanValue>
        </value>
    </processMetadataValues>
    <processMetadataValues>
        <name>autoProgressEnabled</name>
        <value>
            <booleanValue>false</booleanValue>
        </value>
    </processMetadataValues>
    <processMetadataValues>
        <name>hasWelcomePage</name>
        <value>
            <booleanValue>false</booleanValue>
        </value>
    </processMetadataValues>
    <processMetadataValues>
        <name>overrideActiveVersion</name>
        <value>
            <booleanValue>false</booleanValue>
        </value>
    </processMetadataValues>
    <processType>Survey</processType>
    <screens>
        <name>surveyQuestionPage</name>
        <label>Page 1</label>
        <locationX>0</locationX>
        <locationY>0</locationY>
        <allowBack>true</allowBack>
        <allowFinish>true</allowFinish>
        <allowPause>true</allowPause>
        <fields>
            <processMetadataValues>
                <name>autoProgressAction</name>
                <value>
                    <stringValue>NONE</stringValue>
                </value>
            </processMetadataValues>
            <processMetadataValues>
                <name>defaultValue</name>
                <value>
                    <elementReference>var_q_0a66ab57_57b8_499c_9ffe_2f61af6a70cb_defaultValue</elementReference>
                </value>
            </processMetadataValues>
            <name>q_0a66ab57_57b8_499c_9ffe_2f61af6a70cb</name>
            <choiceReferences>S_a213b170_6bd8_4365_a8e9_83a1447b688f</choiceReferences>
            <choiceReferences>S_2eb94228_e500_427a_b036_d8309cd477e6</choiceReferences>
            <choiceReferences>S_77441b87_83f2_44e5_b94c_1a1b1256987c</choiceReferences>
            <choiceReferences>S_7e31de08_7cec_4b46_8105_8f83826a6503</choiceReferences>
            <choiceReferences>S_dc19498f_25e3_4670_9f89_221b1bef5ce6</choiceReferences>
            <dataType>Number</dataType>
            <extensionName>survey:runtimeRating</extensionName>
            <fieldText>How would you rate our service?</fieldText>
            <fieldType>ComponentChoice</fieldType>
            <isRequired>false</isRequired>
            <scale>0</scale>
        </fields>
        <fields>
            <processMetadataValues>
                <name>autoProgressAction</name>
                <value>
                    <stringValue>NONE</stringValue>
                </value>
            </processMetadataValues>
            <name>q_2b39d2d9_b9e1_4f04_b96b_9d5032420132</name>
            <dataType>String</dataType>
            <fieldText>Any comments or feedback for us?</fieldText>
            <fieldType>InputField</fieldType>
            <isRequired>false</isRequired>
        </fields>
        <pausedText>To pick up where you left off, refresh this page, or open the survey again.</pausedText>
        <showFooter>true</showFooter>
        <showHeader>true</showHeader>
    </screens>
    <startElementReference>surveyQuestionPage</startElementReference>
    <status>Active</status>
    <textTemplates>
        <name>thankYouDescriptionTextTemplate</name>
        <isViewedAsPlainText>false</isViewedAsPlainText>
        <text></text>
    </textTemplates>
    <textTemplates>
        <name>thankYouLabelTextTemplate</name>
        <isViewedAsPlainText>false</isViewedAsPlainText>
        <text>Thanks for participating!</text>
    </textTemplates>
    <variables>
        <name>guestUserLang</name>
        <dataType>String</dataType>
        <isCollection>false</isCollection>
        <isInput>true</isInput>
        <isOutput>true</isOutput>
    </variables>
    <variables>
        <name>invitationId</name>
        <dataType>String</dataType>
        <isCollection>false</isCollection>
        <isInput>true</isInput>
        <isOutput>true</isOutput>
        <value>
            <stringValue></stringValue>
        </value>
    </variables>
    <variables>
        <name>previewMode</name>
        <dataType>Boolean</dataType>
        <isCollection>false</isCollection>
        <isInput>true</isInput>
        <isOutput>true</isOutput>
        <value>
            <booleanValue>false</booleanValue>
        </value>
    </variables>
    <variables>
        <name>thankYouDescription</name>
        <dataType>String</dataType>
        <isCollection>false</isCollection>
        <isInput>true</isInput>
        <isOutput>true</isOutput>
        <value>
            <stringValue>{!thankYouDescriptionTextTemplate}</stringValue>
        </value>
    </variables>
    <variables>
        <name>thankYouLabel</name>
        <dataType>String</dataType>
        <isCollection>false</isCollection>
        <isInput>true</isInput>
        <isOutput>true</isOutput>
        <value>
            <stringValue>{!thankYouLabelTextTemplate}</stringValue>
        </value>
    </variables>
    <variables>
        <name>var_q_0a66ab57_57b8_499c_9ffe_2f61af6a70cb_defaultValue</name>
        <dataType>String</dataType>
        <isCollection>false</isCollection>
        <isInput>true</isInput>
        <isOutput>false</isOutput>
    </variables>
</Flow>
