<?xml version="1.0" encoding="UTF-8"?>
<Flow xmlns="http://soap.sforce.com/2006/04/metadata">
    <apiVersion>59.0</apiVersion>
    <assignments>
        <name>Copy_1_of_increment</name>
        <label>Copy 1 of increment</label>
        <locationX>264</locationX>
        <locationY>350</locationY>
        <assignmentItems>
            <assignToReference>count</assignToReference>
            <operator>Add</operator>
            <value>
                <numberValue>1.0</numberValue>
            </value>
        </assignmentItems>
        <connector>
            <targetReference>display_concept</targetReference>
        </connector>
    </assignments>
    <environments>Default</environments>
    <interviewLabel>demo flow for loop {!$Flow.CurrentDateTime}</interviewLabel>
    <label>demo flow for loop</label>
    <loops>
        <name>acc</name>
        <label>acc</label>
        <locationX>176</locationX>
        <locationY>242</locationY>
        <collectionReference>all_accounts</collectionReference>
        <iterationOrder>Asc</iterationOrder>
        <nextValueConnector>
            <targetReference>Copy_1_of_increment</targetReference>
        </nextValueConnector>
    </loops>
    <processMetadataValues>
        <name>BuilderType</name>
        <value>
            <stringValue>LightningFlowBuilder</stringValue>
        </value>
    </processMetadataValues>
    <processMetadataValues>
        <name>CanvasMode</name>
        <value>
            <stringValue>AUTO_LAYOUT_CANVAS</stringValue>
        </value>
    </processMetadataValues>
    <processMetadataValues>
        <name>OriginBuilderType</name>
        <value>
            <stringValue>LightningFlowBuilder</stringValue>
        </value>
    </processMetadataValues>
    <processType>Flow</processType>
    <recordLookups>
        <name>all_accounts</name>
        <label>all accounts</label>
        <locationX>176</locationX>
        <locationY>134</locationY>
        <assignNullValuesIfNoRecordsFound>false</assignNullValuesIfNoRecordsFound>
        <connector>
            <targetReference>acc</targetReference>
        </connector>
        <getFirstRecordOnly>false</getFirstRecordOnly>
        <object>Account</object>
        <storeOutputAutomatically>true</storeOutputAutomatically>
    </recordLookups>
    <screens>
        <name>display_concept</name>
        <label>display concept</label>
        <locationX>264</locationX>
        <locationY>458</locationY>
        <allowBack>true</allowBack>
        <allowFinish>true</allowFinish>
        <allowPause>true</allowPause>
        <connector>
            <targetReference>acc</targetReference>
        </connector>
        <fields>
            <name>account_name_display</name>
            <fieldText>&lt;p&gt;account name -{!acc.Name}&lt;/p&gt;&lt;p&gt;count - {!count}&lt;/p&gt;</fieldText>
            <fieldType>DisplayText</fieldType>
        </fields>
        <showFooter>true</showFooter>
        <showHeader>true</showHeader>
    </screens>
    <start>
        <locationX>50</locationX>
        <locationY>0</locationY>
        <connector>
            <targetReference>all_accounts</targetReference>
        </connector>
    </start>
    <status>Active</status>
    <variables>
        <name>count</name>
        <dataType>Number</dataType>
        <isCollection>false</isCollection>
        <isInput>false</isInput>
        <isOutput>false</isOutput>
        <scale>0</scale>
        <value>
            <numberValue>0.0</numberValue>
        </value>
    </variables>
</Flow>
