<?xml version="1.0" encoding="UTF-8"?>
<Flow xmlns="http://soap.sforce.com/2006/04/metadata">
    <assignments>
        <name>pageNamesInOrder_Assignment</name>
        <label>pageNamesInOrder_Assignment</label>
        <locationX>0</locationX>
        <locationY>0</locationY>
        <assignmentItems>
            <assignToReference>pageNamesInOrder</assignToReference>
            <operator>Add</operator>
            <value>
                <stringValue>welcome_page</stringValue>
            </value>
        </assignmentItems>
        <assignmentItems>
            <assignToReference>pageNamesInOrder</assignToReference>
            <operator>Add</operator>
            <value>
                <stringValue>p_6e2fcebf_0e03_44e3_8ade_d6560f859b08</stringValue>
            </value>
        </assignmentItems>
        <assignmentItems>
            <assignToReference>pageNamesInOrder</assignToReference>
            <operator>Add</operator>
            <value>
                <stringValue>p_91ff6ea5_3c60_4f6f_b45a_6735ef83e260</stringValue>
            </value>
        </assignmentItems>
        <assignmentItems>
            <assignToReference>pageNamesInOrder</assignToReference>
            <operator>Add</operator>
            <value>
                <stringValue>p_52f6eb80_ce27_4a37_8514_b933472c62c0</stringValue>
            </value>
        </assignmentItems>
        <assignmentItems>
            <assignToReference>pageNamesInOrder</assignToReference>
            <operator>Add</operator>
            <value>
                <stringValue>thank_you_page</stringValue>
            </value>
        </assignmentItems>
        <connector>
            <targetReference>welcome_page</targetReference>
        </connector>
    </assignments>
    <choices>
        <name>c_07c271c3_c023_4362_97a1_65d60ffec19d</name>
        <choiceText>3</choiceText>
        <dataType>Number</dataType>
        <value>
            <numberValue>3.0</numberValue>
        </value>
    </choices>
    <choices>
        <name>c_09f56420_a12c_4d6f_b455_4b7ec12f37fb</name>
        <choiceText>2</choiceText>
        <dataType>Number</dataType>
        <value>
            <numberValue>2.0</numberValue>
        </value>
    </choices>
    <choices>
        <name>c_6a073e8d_9336_458c_9e73_ef5338321fb7</name>
        <choiceText>Bad</choiceText>
        <dataType>Number</dataType>
        <value>
            <numberValue>1.0</numberValue>
        </value>
    </choices>
    <choices>
        <name>c_c4b4a626_2839_4718_8a55_2ef7a59fe970</name>
        <choiceText>Good</choiceText>
        <dataType>Number</dataType>
        <value>
            <numberValue>5.0</numberValue>
        </value>
    </choices>
    <choices>
        <name>c_d12dad9b_586d_41c1_b837_6f96b6688837</name>
        <choiceText>4</choiceText>
        <dataType>Number</dataType>
        <value>
            <numberValue>4.0</numberValue>
        </value>
    </choices>
    <interviewLabel>Demo Survey</interviewLabel>
    <label>Demo Survey</label>
    <processMetadataValues>
        <name>BrandingSet</name>
        <value>
            <stringValue>sb_demo_survey_69aa3f69_0f49_45fa_966b_fe4d67097188</stringValue>
        </value>
    </processMetadataValues>
    <processMetadataValues>
        <name>advanceThankYouPageEnabled</name>
        <value>
            <booleanValue>false</booleanValue>
        </value>
    </processMetadataValues>
    <processMetadataValues>
        <name>autoProgressEnabled</name>
        <value>
            <booleanValue>false</booleanValue>
        </value>
    </processMetadataValues>
    <processMetadataValues>
        <name>hasWelcomePage</name>
        <value>
            <booleanValue>true</booleanValue>
        </value>
    </processMetadataValues>
    <processMetadataValues>
        <name>isSimpleSurvey</name>
        <value>
            <booleanValue>false</booleanValue>
        </value>
    </processMetadataValues>
    <processMetadataValues>
        <name>overrideActiveVersion</name>
        <value>
            <booleanValue>false</booleanValue>
        </value>
    </processMetadataValues>
    <processMetadataValues>
        <name>surveyType</name>
        <value>
            <stringValue>Survey</stringValue>
        </value>
    </processMetadataValues>
    <processType>Survey</processType>
    <screens>
        <name>p_52f6eb80_ce27_4a37_8514_b933472c62c0</name>
        <label>Page 3</label>
        <locationX>0</locationX>
        <locationY>0</locationY>
        <allowBack>true</allowBack>
        <allowFinish>true</allowFinish>
        <allowPause>true</allowPause>
        <fields>
            <processMetadataValues>
                <name>autoProgressAction</name>
                <value>
                    <stringValue>NONE</stringValue>
                </value>
            </processMetadataValues>
            <processMetadataValues>
                <name>defaultValue</name>
                <value>
                    <elementReference>var_q_747d6b40_d7e5_4407_96df_f076f54ffd9e_defaultValue</elementReference>
                </value>
            </processMetadataValues>
            <processMetadataValues>
                <name>iconType</name>
                <value>
                    <stringValue>thumbsUp</stringValue>
                </value>
            </processMetadataValues>
            <processMetadataValues>
                <name>negativeLabel</name>
                <value>
                    <stringValue>{!q_747d6b40_d7e5_4407_96df_f076f54ffd9e_bnlref_tt}</stringValue>
                </value>
            </processMetadataValues>
            <processMetadataValues>
                <name>positiveLabel</name>
                <value>
                    <stringValue>{!q_747d6b40_d7e5_4407_96df_f076f54ffd9e_bplref_tt}</stringValue>
                </value>
            </processMetadataValues>
            <name>q_747d6b40_d7e5_4407_96df_f076f54ffd9e</name>
            <dataType>Boolean</dataType>
            <extensionName>survey:runtimeBoolean</extensionName>
            <fieldText>&lt;p&gt;Question 3&lt;/p&gt;</fieldText>
            <fieldType>ComponentInput</fieldType>
            <isRequired>false</isRequired>
        </fields>
        <pausedText>To pick up where you left off, refresh this page, or open the survey again.</pausedText>
        <showFooter>true</showFooter>
        <showHeader>true</showHeader>
    </screens>
    <screens>
        <name>p_6e2fcebf_0e03_44e3_8ade_d6560f859b08</name>
        <label>Page 1</label>
        <locationX>0</locationX>
        <locationY>0</locationY>
        <allowBack>true</allowBack>
        <allowFinish>true</allowFinish>
        <allowPause>true</allowPause>
        <connector>
            <targetReference>p_91ff6ea5_3c60_4f6f_b45a_6735ef83e260</targetReference>
        </connector>
        <fields>
            <processMetadataValues>
                <name>autoProgressAction</name>
                <value>
                    <stringValue>NONE</stringValue>
                </value>
            </processMetadataValues>
            <processMetadataValues>
                <name>defaultValue</name>
                <value>
                    <elementReference>var_q_54e9b498_6afd_4838_a81a_d911d3f5f03a_defaultValue</elementReference>
                </value>
            </processMetadataValues>
            <processMetadataValues>
                <name>iconType</name>
                <value>
                    <stringValue>star</stringValue>
                </value>
            </processMetadataValues>
            <name>q_54e9b498_6afd_4838_a81a_d911d3f5f03a</name>
            <choiceReferences>c_6a073e8d_9336_458c_9e73_ef5338321fb7</choiceReferences>
            <choiceReferences>c_09f56420_a12c_4d6f_b455_4b7ec12f37fb</choiceReferences>
            <choiceReferences>c_07c271c3_c023_4362_97a1_65d60ffec19d</choiceReferences>
            <choiceReferences>c_d12dad9b_586d_41c1_b837_6f96b6688837</choiceReferences>
            <choiceReferences>c_c4b4a626_2839_4718_8a55_2ef7a59fe970</choiceReferences>
            <dataType>Number</dataType>
            <extensionName>survey:runtimeRating</extensionName>
            <fieldText>&lt;p&gt;Question 1&lt;span class=&quot;ql-cursor&quot;&gt;&lt;/span&gt;&lt;/p&gt;</fieldText>
            <fieldType>ComponentChoice</fieldType>
            <isRequired>true</isRequired>
            <scale>0</scale>
        </fields>
        <pausedText>To pick up where you left off, refresh this page, or open the survey again.</pausedText>
        <showFooter>true</showFooter>
        <showHeader>true</showHeader>
    </screens>
    <screens>
        <name>p_91ff6ea5_3c60_4f6f_b45a_6735ef83e260</name>
        <label>Page 2</label>
        <locationX>0</locationX>
        <locationY>0</locationY>
        <allowBack>true</allowBack>
        <allowFinish>true</allowFinish>
        <allowPause>true</allowPause>
        <connector>
            <targetReference>p_52f6eb80_ce27_4a37_8514_b933472c62c0</targetReference>
        </connector>
        <fields>
            <processMetadataValues>
                <name>autoProgressAction</name>
                <value>
                    <stringValue>NONE</stringValue>
                </value>
            </processMetadataValues>
            <processMetadataValues>
                <name>defaultValue</name>
                <value>
                    <elementReference>var_q_46963cde_3403_46a8_a5d1_35e3e7944ab2_defaultValue</elementReference>
                </value>
            </processMetadataValues>
            <processMetadataValues>
                <name>max</name>
                <value>
                    <stringValue>10</stringValue>
                </value>
            </processMetadataValues>
            <processMetadataValues>
                <name>min</name>
                <value>
                    <stringValue>0</stringValue>
                </value>
            </processMetadataValues>
            <name>q_46963cde_3403_46a8_a5d1_35e3e7944ab2</name>
            <dataType>Number</dataType>
            <extensionName>survey:cmpInputRuntimeCsat</extensionName>
            <fieldText>&lt;p&gt;Question 2&lt;/p&gt;</fieldText>
            <fieldType>ComponentInput</fieldType>
            <isRequired>false</isRequired>
            <scale>0</scale>
        </fields>
        <pausedText>To pick up where you left off, refresh this page, or open the survey again.</pausedText>
        <showFooter>true</showFooter>
        <showHeader>true</showHeader>
    </screens>
    <screens>
        <name>welcome_page</name>
        <label>Welcome Page</label>
        <locationX>0</locationX>
        <locationY>0</locationY>
        <allowBack>true</allowBack>
        <allowFinish>true</allowFinish>
        <allowPause>false</allowPause>
        <connector>
            <targetReference>p_6e2fcebf_0e03_44e3_8ade_d6560f859b08</targetReference>
        </connector>
        <fields>
            <name>welcome_question</name>
            <extensionName>survey:runtimeWelcome</extensionName>
            <fieldType>ComponentInstance</fieldType>
            <inputParameters>
                <name>label</name>
                <value>
                    <stringValue>{!welcome_question_lref_tt}</stringValue>
                </value>
            </inputParameters>
            <inputParameters>
                <name>description</name>
                <value>
                    <stringValue>{!welcome_question_dref_tt}</stringValue>
                </value>
            </inputParameters>
            <isRequired>true</isRequired>
        </fields>
        <showFooter>true</showFooter>
        <showHeader>true</showHeader>
    </screens>
    <startElementReference>pageNamesInOrder_Assignment</startElementReference>
    <status>Active</status>
    <textTemplates>
        <name>q_747d6b40_d7e5_4407_96df_f076f54ffd9e_bnlref_tt</name>
        <isViewedAsPlainText>false</isViewedAsPlainText>
        <text>Dislike</text>
    </textTemplates>
    <textTemplates>
        <name>q_747d6b40_d7e5_4407_96df_f076f54ffd9e_bplref_tt</name>
        <isViewedAsPlainText>false</isViewedAsPlainText>
        <text>Like</text>
    </textTemplates>
    <textTemplates>
        <name>thankYouDescriptionTextTemplate</name>
        <isViewedAsPlainText>false</isViewedAsPlainText>
        <text></text>
    </textTemplates>
    <textTemplates>
        <name>thankYouLabelTextTemplate</name>
        <isViewedAsPlainText>false</isViewedAsPlainText>
        <text>&lt;p&gt;&lt;strong&gt;Thank you for Providing your response&lt;/strong&gt;&lt;/p&gt;</text>
    </textTemplates>
    <textTemplates>
        <name>welcome_question_dref_tt</name>
        <isViewedAsPlainText>false</isViewedAsPlainText>
        <text>This is Test survey</text>
    </textTemplates>
    <textTemplates>
        <name>welcome_question_lref_tt</name>
        <isViewedAsPlainText>false</isViewedAsPlainText>
        <text>&lt;p style=&quot;text-align: center;&quot;&gt;&lt;strong style=&quot;font-size: 18px;&quot;&gt;&lt;em&gt;Welcome To Survey!&lt;/em&gt;&lt;/strong&gt;&lt;/p&gt;</text>
    </textTemplates>
    <variables>
        <name>guestUserLang</name>
        <dataType>String</dataType>
        <isCollection>false</isCollection>
        <isInput>true</isInput>
        <isOutput>true</isOutput>
    </variables>
    <variables>
        <name>invitationId</name>
        <dataType>String</dataType>
        <isCollection>false</isCollection>
        <isInput>true</isInput>
        <isOutput>true</isOutput>
        <value>
            <stringValue></stringValue>
        </value>
    </variables>
    <variables>
        <name>pageNamesInOrder</name>
        <dataType>String</dataType>
        <isCollection>true</isCollection>
        <isInput>false</isInput>
        <isOutput>true</isOutput>
    </variables>
    <variables>
        <name>previewMode</name>
        <dataType>Boolean</dataType>
        <isCollection>false</isCollection>
        <isInput>true</isInput>
        <isOutput>true</isOutput>
        <value>
            <booleanValue>false</booleanValue>
        </value>
    </variables>
    <variables>
        <name>thankYouDescription</name>
        <dataType>String</dataType>
        <isCollection>false</isCollection>
        <isInput>true</isInput>
        <isOutput>true</isOutput>
        <value>
            <stringValue>{!thankYouDescriptionTextTemplate}</stringValue>
        </value>
    </variables>
    <variables>
        <name>thankYouLabel</name>
        <dataType>String</dataType>
        <isCollection>false</isCollection>
        <isInput>true</isInput>
        <isOutput>true</isOutput>
        <value>
            <stringValue>{!thankYouLabelTextTemplate}</stringValue>
        </value>
    </variables>
    <variables>
        <name>var_q_46963cde_3403_46a8_a5d1_35e3e7944ab2_defaultValue</name>
        <dataType>Number</dataType>
        <isCollection>false</isCollection>
        <isInput>true</isInput>
        <isOutput>false</isOutput>
        <scale>2</scale>
    </variables>
    <variables>
        <name>var_q_54e9b498_6afd_4838_a81a_d911d3f5f03a_defaultValue</name>
        <dataType>String</dataType>
        <isCollection>false</isCollection>
        <isInput>true</isInput>
        <isOutput>false</isOutput>
    </variables>
    <variables>
        <name>var_q_747d6b40_d7e5_4407_96df_f076f54ffd9e_defaultValue</name>
        <dataType>Boolean</dataType>
        <isCollection>false</isCollection>
        <isInput>true</isInput>
        <isOutput>false</isOutput>
    </variables>
</Flow>
