<?xml version="1.0" encoding="UTF-8"?>
<Flow xmlns="http://soap.sforce.com/2006/04/metadata">
    <actionCalls>
        <name>sendEmail</name>
        <label>sendEmail</label>
        <locationX>176</locationX>
        <locationY>134</locationY>
        <actionName>emailSimple</actionName>
        <actionType>emailSimple</actionType>
        <flowTransactionModel>CurrentTransaction</flowTransactionModel>
        <inputParameters>
            <name>emailAddresses</name>
            <value>
                <elementReference>email</elementReference>
            </value>
        </inputParameters>
        <inputParameters>
            <name>emailSubject</name>
            <value>
                <stringValue>Important email</stringValue>
            </value>
        </inputParameters>
        <inputParameters>
            <name>emailBody</name>
            <value>
                <elementReference>emailbody</elementReference>
            </value>
        </inputParameters>
        <inputParameters>
            <name>sendRichBody</name>
            <value>
                <booleanValue>true</booleanValue>
            </value>
        </inputParameters>
        <nameSegment>emailSimple</nameSegment>
        <versionSegment>1</versionSegment>
    </actionCalls>
    <apiVersion>59.0</apiVersion>
    <environments>Default</environments>
    <interviewLabel>Email flow to user {!$Flow.CurrentDateTime}</interviewLabel>
    <label>Email flow to user</label>
    <processMetadataValues>
        <name>BuilderType</name>
        <value>
            <stringValue>LightningFlowBuilder</stringValue>
        </value>
    </processMetadataValues>
    <processMetadataValues>
        <name>CanvasMode</name>
        <value>
            <stringValue>AUTO_LAYOUT_CANVAS</stringValue>
        </value>
    </processMetadataValues>
    <processMetadataValues>
        <name>OriginBuilderType</name>
        <value>
            <stringValue>LightningFlowBuilder</stringValue>
        </value>
    </processMetadataValues>
    <processType>AutoLaunchedFlow</processType>
    <start>
        <locationX>50</locationX>
        <locationY>0</locationY>
        <connector>
            <targetReference>sendEmail</targetReference>
        </connector>
    </start>
    <status>Active</status>
    <variables>
        <name>email</name>
        <dataType>String</dataType>
        <isCollection>false</isCollection>
        <isInput>true</isInput>
        <isOutput>false</isOutput>
    </variables>
    <variables>
        <name>emailbody</name>
        <dataType>String</dataType>
        <isCollection>false</isCollection>
        <isInput>true</isInput>
        <isOutput>false</isOutput>
    </variables>
</Flow>
