<?xml version="1.0" encoding="UTF-8"?>
<Flow xmlns="http://soap.sforce.com/2006/04/metadata">
    <actionCalls>
        <name>send_email_to_team</name>
        <label>send email to team</label>
        <locationX>176</locationX>
        <locationY>323</locationY>
        <actionName>emailSimple</actionName>
        <actionType>emailSimple</actionType>
        <flowTransactionModel>CurrentTransaction</flowTransactionModel>
        <inputParameters>
            <name>emailAddresses</name>
            <value>
                <stringValue>arpitpatel0930@gmail.com</stringValue>
            </value>
        </inputParameters>
        <inputParameters>
            <name>emailSubject</name>
            <value>
                <stringValue>high priority oppr</stringValue>
            </value>
        </inputParameters>
        <inputParameters>
            <name>emailBody</name>
            <value>
                <elementReference>send_email_to_team</elementReference>
            </value>
        </inputParameters>
        <inputParameters>
            <name>sendRichBody</name>
            <value>
                <booleanValue>true</booleanValue>
            </value>
        </inputParameters>
        <nameSegment>emailSimple</nameSegment>
        <versionSegment>1</versionSegment>
    </actionCalls>
    <apiVersion>59.0</apiVersion>
    <environments>Default</environments>
    <interviewLabel>email to seals team {!$Flow.CurrentDateTime}</interviewLabel>
    <label>email to seals team</label>
    <processMetadataValues>
        <name>BuilderType</name>
        <value>
            <stringValue>LightningFlowBuilder</stringValue>
        </value>
    </processMetadataValues>
    <processMetadataValues>
        <name>CanvasMode</name>
        <value>
            <stringValue>AUTO_LAYOUT_CANVAS</stringValue>
        </value>
    </processMetadataValues>
    <processMetadataValues>
        <name>OriginBuilderType</name>
        <value>
            <stringValue>LightningFlowBuilder</stringValue>
        </value>
    </processMetadataValues>
    <processType>AutoLaunchedFlow</processType>
    <start>
        <locationX>50</locationX>
        <locationY>0</locationY>
        <connector>
            <targetReference>send_email_to_team</targetReference>
        </connector>
        <filterLogic>and</filterLogic>
        <filters>
            <field>Amount</field>
            <operator>GreaterThan</operator>
            <value>
                <numberValue>100000.0</numberValue>
            </value>
        </filters>
        <object>Opportunity</object>
        <recordTriggerType>Create</recordTriggerType>
        <triggerType>RecordAfterSave</triggerType>
    </start>
    <status>Draft</status>
    <textTemplates>
        <name>sampletemplete</name>
        <isViewedAsPlainText>false</isViewedAsPlainText>
        <text>&lt;p&gt;helllo everyone{!$Record.Name}&lt;/p&gt;</text>
    </textTemplates>
    <textTemplates>
        <name>sampletempletee</name>
        <isViewedAsPlainText>false</isViewedAsPlainText>
        <text>&lt;p&gt;hello everyone &lt;/p&gt;&lt;p&gt;&lt;br&gt;&lt;/p&gt;&lt;p&gt;name: {!$Record.Name}&lt;/p&gt;&lt;p&gt;this is high piroty opp&lt;/p&gt;</text>
    </textTemplates>
</Flow>
