<?xml version="1.0" encoding="UTF-8"?>
<Flow xmlns="http://soap.sforce.com/2006/04/metadata">
    <apiVersion>59.0</apiVersion>
    <environments>Default</environments>
    <interviewLabel>error log flow {!$Flow.CurrentDateTime}</interviewLabel>
    <label>error log flow</label>
    <processMetadataValues>
        <name>BuilderType</name>
        <value>
            <stringValue>LightningFlowBuilder</stringValue>
        </value>
    </processMetadataValues>
    <processMetadataValues>
        <name>CanvasMode</name>
        <value>
            <stringValue>AUTO_LAYOUT_CANVAS</stringValue>
        </value>
    </processMetadataValues>
    <processMetadataValues>
        <name>OriginBuilderType</name>
        <value>
            <stringValue>LightningFlowBuilder</stringValue>
        </value>
    </processMetadataValues>
    <processType>AutoLaunchedFlow</processType>
    <recordCreates>
        <name>error_log</name>
        <label>error log</label>
        <locationX>176</locationX>
        <locationY>170</locationY>
        <inputAssignments>
            <field>Discription__c</field>
            <value>
                <elementReference>$Record.ErrorMessage</elementReference>
            </value>
        </inputAssignments>
        <inputAssignments>
            <field>Name</field>
            <value>
                <elementReference>$Record.FlowApiName</elementReference>
            </value>
        </inputAssignments>
        <object>Error_Log__c</object>
        <storeOutputAutomatically>true</storeOutputAutomatically>
    </recordCreates>
    <start>
        <locationX>50</locationX>
        <locationY>0</locationY>
        <connector>
            <targetReference>error_log</targetReference>
        </connector>
        <object>FlowExecutionErrorEvent</object>
        <triggerType>PlatformEvent</triggerType>
    </start>
    <status>Active</status>
</Flow>
