<?xml version="1.0" encoding="UTF-8"?>
<Flow xmlns="http://soap.sforce.com/2006/04/metadata">
    <interviewLabel>Net Promoter Score</interviewLabel>
    <label>Net Promoter Score</label>
    <processMetadataValues>
        <name>advanceThankYouPageEnabled</name>
        <value>
            <booleanValue>false</booleanValue>
        </value>
    </processMetadataValues>
    <processMetadataValues>
        <name>autoProgressEnabled</name>
        <value>
            <booleanValue>false</booleanValue>
        </value>
    </processMetadataValues>
    <processMetadataValues>
        <name>hasWelcomePage</name>
        <value>
            <booleanValue>false</booleanValue>
        </value>
    </processMetadataValues>
    <processMetadataValues>
        <name>overrideActiveVersion</name>
        <value>
            <booleanValue>false</booleanValue>
        </value>
    </processMetadataValues>
    <processType>Survey</processType>
    <screens>
        <name>surveyQuestionPage</name>
        <label>Page 1</label>
        <locationX>0</locationX>
        <locationY>0</locationY>
        <allowBack>true</allowBack>
        <allowFinish>true</allowFinish>
        <allowPause>true</allowPause>
        <fields>
            <processMetadataValues>
                <name>autoProgressAction</name>
                <value>
                    <stringValue>NONE</stringValue>
                </value>
            </processMetadataValues>
            <processMetadataValues>
                <name>defaultValue</name>
                <value>
                    <elementReference>var_q_2116137d_54bc_4075_a392_1bd04e0b0e6f_defaultValue</elementReference>
                </value>
            </processMetadataValues>
            <processMetadataValues>
                <name>max</name>
                <value>
                    <stringValue>10</stringValue>
                </value>
            </processMetadataValues>
            <processMetadataValues>
                <name>min</name>
                <value>
                    <stringValue>0</stringValue>
                </value>
            </processMetadataValues>
            <name>q_2116137d_54bc_4075_a392_1bd04e0b0e6f</name>
            <dataType>Number</dataType>
            <extensionName>survey:runtimeNps</extensionName>
            <fieldText>How likely are you to recommend our service to a friend or colleague?</fieldText>
            <fieldType>ComponentInput</fieldType>
            <isRequired>false</isRequired>
            <scale>0</scale>
        </fields>
        <fields>
            <processMetadataValues>
                <name>autoProgressAction</name>
                <value>
                    <stringValue>NONE</stringValue>
                </value>
            </processMetadataValues>
            <name>q_7668203f_43d4_4db9_a965_3672f7a8c2e6</name>
            <dataType>String</dataType>
            <fieldText>Any comments or feedback for us?</fieldText>
            <fieldType>InputField</fieldType>
            <isRequired>false</isRequired>
        </fields>
        <pausedText>To pick up where you left off, refresh this page, or open the survey again.</pausedText>
        <showFooter>true</showFooter>
        <showHeader>true</showHeader>
    </screens>
    <startElementReference>surveyQuestionPage</startElementReference>
    <status>Active</status>
    <textTemplates>
        <name>thankYouDescriptionTextTemplate</name>
        <isViewedAsPlainText>false</isViewedAsPlainText>
        <text></text>
    </textTemplates>
    <textTemplates>
        <name>thankYouLabelTextTemplate</name>
        <isViewedAsPlainText>false</isViewedAsPlainText>
        <text>Thanks for participating!</text>
    </textTemplates>
    <variables>
        <name>guestUserLang</name>
        <dataType>String</dataType>
        <isCollection>false</isCollection>
        <isInput>true</isInput>
        <isOutput>true</isOutput>
    </variables>
    <variables>
        <name>invitationId</name>
        <dataType>String</dataType>
        <isCollection>false</isCollection>
        <isInput>true</isInput>
        <isOutput>true</isOutput>
        <value>
            <stringValue></stringValue>
        </value>
    </variables>
    <variables>
        <name>previewMode</name>
        <dataType>Boolean</dataType>
        <isCollection>false</isCollection>
        <isInput>true</isInput>
        <isOutput>true</isOutput>
        <value>
            <booleanValue>false</booleanValue>
        </value>
    </variables>
    <variables>
        <name>thankYouDescription</name>
        <dataType>String</dataType>
        <isCollection>false</isCollection>
        <isInput>true</isInput>
        <isOutput>true</isOutput>
        <value>
            <stringValue>{!thankYouDescriptionTextTemplate}</stringValue>
        </value>
    </variables>
    <variables>
        <name>thankYouLabel</name>
        <dataType>String</dataType>
        <isCollection>false</isCollection>
        <isInput>true</isInput>
        <isOutput>true</isOutput>
        <value>
            <stringValue>{!thankYouLabelTextTemplate}</stringValue>
        </value>
    </variables>
    <variables>
        <name>var_q_2116137d_54bc_4075_a392_1bd04e0b0e6f_defaultValue</name>
        <dataType>Number</dataType>
        <isCollection>false</isCollection>
        <isInput>true</isInput>
        <isOutput>false</isOutput>
        <scale>2</scale>
    </variables>
</Flow>
