<?xml version="1.0" encoding="UTF-8"?>
<Flow xmlns="http://soap.sforce.com/2006/04/metadata">
    <actionCalls>
        <name>Send_Notification_to_user</name>
        <label>Send Notification to user</label>
        <locationX>264</locationX>
        <locationY>684</locationY>
        <actionName>customNotificationAction</actionName>
        <actionType>customNotificationAction</actionType>
        <connector>
            <targetReference>loop_on_records</targetReference>
        </connector>
        <flowTransactionModel>CurrentTransaction</flowTransactionModel>
        <inputParameters>
            <name>customNotifTypeId</name>
            <value>
                <elementReference>get_Notification_type.Id</elementReference>
            </value>
        </inputParameters>
        <inputParameters>
            <name>recipientIds</name>
            <value>
                <elementReference>UserRecordid</elementReference>
            </value>
        </inputParameters>
        <inputParameters>
            <name>title</name>
            <value>
                <stringValue>record close date is near</stringValue>
            </value>
        </inputParameters>
        <inputParameters>
            <name>body</name>
            <value>
                <stringValue>Hello there is a record</stringValue>
            </value>
        </inputParameters>
        <inputParameters>
            <name>targetId</name>
            <value>
                <elementReference>loop_on_records.Id</elementReference>
            </value>
        </inputParameters>
        <nameSegment>customNotificationAction</nameSegment>
        <versionSegment>1</versionSegment>
    </actionCalls>
    <apiVersion>59.0</apiVersion>
    <assignments>
        <name>Assign_value</name>
        <label>Assign value</label>
        <locationX>264</locationX>
        <locationY>576</locationY>
        <assignmentItems>
            <assignToReference>UserRecordid</assignToReference>
            <operator>RemoveAll</operator>
        </assignmentItems>
        <assignmentItems>
            <assignToReference>UserRecordid</assignToReference>
            <operator>Add</operator>
            <value>
                <elementReference>loop_on_records.OwnerId</elementReference>
            </value>
        </assignmentItems>
        <connector>
            <targetReference>Send_Notification_to_user</targetReference>
        </connector>
    </assignments>
    <environments>Default</environments>
    <formulas>
        <name>Nextdate</name>
        <dataType>Date</dataType>
        <expression>{!$Flow.CurrentDate} + 2</expression>
    </formulas>
    <interviewLabel>Opportunity Notification {!$Flow.CurrentDateTime}</interviewLabel>
    <label>Opportunity Notification</label>
    <loops>
        <name>loop_on_records</name>
        <label>loop on records</label>
        <locationX>176</locationX>
        <locationY>468</locationY>
        <collectionReference>Featchoppofclosedate</collectionReference>
        <iterationOrder>Asc</iterationOrder>
        <nextValueConnector>
            <targetReference>Assign_value</targetReference>
        </nextValueConnector>
    </loops>
    <processMetadataValues>
        <name>BuilderType</name>
        <value>
            <stringValue>LightningFlowBuilder</stringValue>
        </value>
    </processMetadataValues>
    <processMetadataValues>
        <name>CanvasMode</name>
        <value>
            <stringValue>AUTO_LAYOUT_CANVAS</stringValue>
        </value>
    </processMetadataValues>
    <processMetadataValues>
        <name>OriginBuilderType</name>
        <value>
            <stringValue>LightningFlowBuilder</stringValue>
        </value>
    </processMetadataValues>
    <processType>AutoLaunchedFlow</processType>
    <recordLookups>
        <name>Featchoppofclosedate</name>
        <label>Featchoppofclosedate</label>
        <locationX>176</locationX>
        <locationY>252</locationY>
        <assignNullValuesIfNoRecordsFound>false</assignNullValuesIfNoRecordsFound>
        <connector>
            <targetReference>get_Notification_type</targetReference>
        </connector>
        <filterLogic>and</filterLogic>
        <filters>
            <field>CloseDate</field>
            <operator>EqualTo</operator>
            <value>
                <elementReference>Nextdate</elementReference>
            </value>
        </filters>
        <getFirstRecordOnly>false</getFirstRecordOnly>
        <object>Opportunity</object>
        <queriedFields>Id</queriedFields>
        <queriedFields>OwnerId</queriedFields>
        <storeOutputAutomatically>true</storeOutputAutomatically>
    </recordLookups>
    <recordLookups>
        <name>get_Notification_type</name>
        <label>get Notification type</label>
        <locationX>176</locationX>
        <locationY>360</locationY>
        <assignNullValuesIfNoRecordsFound>false</assignNullValuesIfNoRecordsFound>
        <connector>
            <targetReference>loop_on_records</targetReference>
        </connector>
        <getFirstRecordOnly>true</getFirstRecordOnly>
        <object>CustomNotificationType</object>
        <storeOutputAutomatically>true</storeOutputAutomatically>
    </recordLookups>
    <start>
        <locationX>50</locationX>
        <locationY>0</locationY>
        <connector>
            <targetReference>Featchoppofclosedate</targetReference>
        </connector>
        <schedule>
            <frequency>Daily</frequency>
            <startDate>2023-11-15</startDate>
            <startTime>02:30:00.000Z</startTime>
        </schedule>
        <triggerType>Scheduled</triggerType>
    </start>
    <status>Active</status>
    <variables>
        <name>UserRecordid</name>
        <dataType>String</dataType>
        <isCollection>true</isCollection>
        <isInput>false</isInput>
        <isOutput>false</isOutput>
    </variables>
</Flow>
