<?xml version="1.0" encoding="UTF-8"?>
<Flow xmlns="http://soap.sforce.com/2006/04/metadata">
    <actionCalls>
        <processMetadataValues>
            <name>emailAlertSelection</name>
            <value>
                <stringValue>testing_custom_email_temp</stringValue>
            </value>
        </processMetadataValues>
        <name>myRule_3_A1</name>
        <label>send an email</label>
        <locationX>300</locationX>
        <locationY>200</locationY>
        <actionName>employee__c.testing_custom_email_temp</actionName>
        <actionType>emailAlert</actionType>
        <flowTransactionModel>CurrentTransaction</flowTransactionModel>
        <inputParameters>
            <name>SObjectRowId</name>
            <value>
                <elementReference>myVariable_current.Id</elementReference>
            </value>
        </inputParameters>
        <nameSegment>employee__c.testing_custom_email_temp</nameSegment>
        <versionSegment>1</versionSegment>
    </actionCalls>
    <apiVersion>59.0</apiVersion>
    <decisions>
        <processMetadataValues>
            <name>index</name>
            <value>
                <numberValue>0.0</numberValue>
            </value>
        </processMetadataValues>
        <name>myDecision</name>
        <label>myDecision</label>
        <locationX>50</locationX>
        <locationY>0</locationY>
        <defaultConnector>
            <targetReference>myDecision2</targetReference>
        </defaultConnector>
        <defaultConnectorLabel>default</defaultConnectorLabel>
        <rules>
            <name>myRule_1</name>
            <conditionLogic>and</conditionLogic>
            <conditions>
                <processMetadataValues>
                    <name>inputDataType</name>
                    <value>
                        <stringValue>Boolean</stringValue>
                    </value>
                </processMetadataValues>
                <processMetadataValues>
                    <name>leftHandSideType</name>
                    <value>
                        <stringValue>String</stringValue>
                    </value>
                </processMetadataValues>
                <processMetadataValues>
                    <name>operatorDataType</name>
                    <value>
                        <stringValue>String</stringValue>
                    </value>
                </processMetadataValues>
                <processMetadataValues>
                    <name>rightHandSideType</name>
                    <value>
                        <stringValue>Boolean</stringValue>
                    </value>
                </processMetadataValues>
                <leftValueReference>myVariable_current.Address__c</leftValueReference>
                <operator>IsNull</operator>
                <rightValue>
                    <booleanValue>true</booleanValue>
                </rightValue>
            </conditions>
            <connector>
                <targetReference>myRule_1_A1</targetReference>
            </connector>
            <label>when address is blank</label>
        </rules>
    </decisions>
    <decisions>
        <processMetadataValues>
            <name>index</name>
            <value>
                <numberValue>1.0</numberValue>
            </value>
        </processMetadataValues>
        <name>myDecision2</name>
        <label>myDecision2</label>
        <locationX>50</locationX>
        <locationY>0</locationY>
        <defaultConnectorLabel>default</defaultConnectorLabel>
        <rules>
            <name>myRule_3</name>
            <conditionLogic>and</conditionLogic>
            <conditions>
                <leftValueReference>formula_myRule_3</leftValueReference>
                <operator>EqualTo</operator>
                <rightValue>
                    <booleanValue>true</booleanValue>
                </rightValue>
            </conditions>
            <connector>
                <targetReference>myRule_3_A1</targetReference>
            </connector>
            <label>sending email</label>
        </rules>
    </decisions>
    <formulas>
        <name>formula_myRule_3</name>
        <dataType>Boolean</dataType>
        <expression>true</expression>
    </formulas>
    <interviewLabel>Update_employee_address2-3_InterviewLabel</interviewLabel>
    <label>Update employee address2</label>
    <processMetadataValues>
        <name>ObjectType</name>
        <value>
            <stringValue>employee__c</stringValue>
        </value>
    </processMetadataValues>
    <processMetadataValues>
        <name>ObjectVariable</name>
        <value>
            <elementReference>myVariable_current</elementReference>
        </value>
    </processMetadataValues>
    <processMetadataValues>
        <name>OldObjectVariable</name>
        <value>
            <elementReference>myVariable_old</elementReference>
        </value>
    </processMetadataValues>
    <processMetadataValues>
        <name>TriggerType</name>
        <value>
            <stringValue>onCreateOnly</stringValue>
        </value>
    </processMetadataValues>
    <processType>Workflow</processType>
    <recordUpdates>
        <processMetadataValues>
            <name>evaluationType</name>
            <value>
                <stringValue>always</stringValue>
            </value>
        </processMetadataValues>
        <processMetadataValues>
            <name>extraTypeInfo</name>
        </processMetadataValues>
        <processMetadataValues>
            <name>isChildRelationship</name>
            <value>
                <booleanValue>false</booleanValue>
            </value>
        </processMetadataValues>
        <processMetadataValues>
            <name>reference</name>
            <value>
                <stringValue>[employee__c]</stringValue>
            </value>
        </processMetadataValues>
        <processMetadataValues>
            <name>referenceTargetField</name>
        </processMetadataValues>
        <name>myRule_1_A1</name>
        <label>update the address</label>
        <locationX>100</locationX>
        <locationY>200</locationY>
        <connector>
            <targetReference>myDecision2</targetReference>
        </connector>
        <filterLogic>and</filterLogic>
        <filters>
            <processMetadataValues>
                <name>implicit</name>
                <value>
                    <booleanValue>true</booleanValue>
                </value>
            </processMetadataValues>
            <field>Id</field>
            <operator>EqualTo</operator>
            <value>
                <elementReference>myVariable_current.Id</elementReference>
            </value>
        </filters>
        <inputAssignments>
            <processMetadataValues>
                <name>dataType</name>
                <value>
                    <stringValue>String</stringValue>
                </value>
            </processMetadataValues>
            <processMetadataValues>
                <name>isRequired</name>
                <value>
                    <booleanValue>false</booleanValue>
                </value>
            </processMetadataValues>
            <processMetadataValues>
                <name>leftHandSideLabel</name>
                <value>
                    <stringValue>Address</stringValue>
                </value>
            </processMetadataValues>
            <processMetadataValues>
                <name>leftHandSideReferenceTo</name>
                <value>
                    <stringValue></stringValue>
                </value>
            </processMetadataValues>
            <processMetadataValues>
                <name>rightHandSideType</name>
                <value>
                    <stringValue>String</stringValue>
                </value>
            </processMetadataValues>
            <field>Address__c</field>
            <value>
                <stringValue>Address not available</stringValue>
            </value>
        </inputAssignments>
        <object>employee__c</object>
    </recordUpdates>
    <startElementReference>myDecision</startElementReference>
    <status>Active</status>
    <variables>
        <name>myVariable_current</name>
        <dataType>SObject</dataType>
        <isCollection>false</isCollection>
        <isInput>true</isInput>
        <isOutput>true</isOutput>
        <objectType>employee__c</objectType>
    </variables>
    <variables>
        <name>myVariable_old</name>
        <dataType>SObject</dataType>
        <isCollection>false</isCollection>
        <isInput>true</isInput>
        <isOutput>false</isOutput>
        <objectType>employee__c</objectType>
    </variables>
</Flow>
