<?xml version="1.0" encoding="UTF-8"?>
<Flow xmlns="http://soap.sforce.com/2006/04/metadata">
    <apiVersion>59.0</apiVersion>
    <environments>Default</environments>
    <interviewLabel>update the contact field from account {!$Flow.CurrentDateTime}</interviewLabel>
    <label>update the contact field from account</label>
    <processMetadataValues>
        <name>BuilderType</name>
        <value>
            <stringValue>LightningFlowBuilder</stringValue>
        </value>
    </processMetadataValues>
    <processMetadataValues>
        <name>CanvasMode</name>
        <value>
            <stringValue>AUTO_LAYOUT_CANVAS</stringValue>
        </value>
    </processMetadataValues>
    <processMetadataValues>
        <name>OriginBuilderType</name>
        <value>
            <stringValue>LightningFlowBuilder</stringValue>
        </value>
    </processMetadataValues>
    <processType>AutoLaunchedFlow</processType>
    <recordUpdates>
        <name>update_lead_source_to_web</name>
        <label>update lead source to web</label>
        <locationX>176</locationX>
        <locationY>323</locationY>
        <inputAssignments>
            <field>OwnerId</field>
            <value>
                <elementReference>$Record.OwnerId</elementReference>
            </value>
        </inputAssignments>
        <inputReference>$Record.Contacts</inputReference>
    </recordUpdates>
    <start>
        <locationX>50</locationX>
        <locationY>0</locationY>
        <connector>
            <targetReference>update_lead_source_to_web</targetReference>
        </connector>
        <filterLogic>and</filterLogic>
        <filters>
            <field>Industry</field>
            <operator>EqualTo</operator>
            <value>
                <stringValue>Agriculture</stringValue>
            </value>
        </filters>
        <object>Account</object>
        <recordTriggerType>CreateAndUpdate</recordTriggerType>
        <triggerType>RecordAfterSave</triggerType>
    </start>
    <status>Obsolete</status>
</Flow>
