<?xml version="1.0" encoding="UTF-8"?>
<Flow xmlns="http://soap.sforce.com/2006/04/metadata">
    <apiVersion>59.0</apiVersion>
    <decisions>
        <name>check_opp_amount</name>
        <label>check opp amount</label>
        <locationX>182</locationX>
        <locationY>287</locationY>
        <defaultConnector>
            <targetReference>update_low_value</targetReference>
        </defaultConnector>
        <defaultConnectorLabel>Default Outcome</defaultConnectorLabel>
        <rules>
            <name>check_greater_then</name>
            <conditionLogic>and</conditionLogic>
            <conditions>
                <leftValueReference>$Record.Amount</leftValueReference>
                <operator>GreaterThanOrEqualTo</operator>
                <rightValue>
                    <numberValue>100000.0</numberValue>
                </rightValue>
            </conditions>
            <connector>
                <targetReference>update_high_piroty</targetReference>
            </connector>
            <label>check greater then</label>
        </rules>
    </decisions>
    <environments>Default</environments>
    <interviewLabel>update opp priority {!$Flow.CurrentDateTime}</interviewLabel>
    <label>update opp priority</label>
    <processMetadataValues>
        <name>BuilderType</name>
        <value>
            <stringValue>LightningFlowBuilder</stringValue>
        </value>
    </processMetadataValues>
    <processMetadataValues>
        <name>CanvasMode</name>
        <value>
            <stringValue>AUTO_LAYOUT_CANVAS</stringValue>
        </value>
    </processMetadataValues>
    <processMetadataValues>
        <name>OriginBuilderType</name>
        <value>
            <stringValue>LightningFlowBuilder</stringValue>
        </value>
    </processMetadataValues>
    <processType>AutoLaunchedFlow</processType>
    <recordUpdates>
        <name>update_high_piroty</name>
        <label>update high piroty</label>
        <locationX>50</locationX>
        <locationY>395</locationY>
        <inputAssignments>
            <field>priority__c</field>
            <value>
                <stringValue>High</stringValue>
            </value>
        </inputAssignments>
        <inputReference>$Record</inputReference>
    </recordUpdates>
    <recordUpdates>
        <name>update_low_value</name>
        <label>update low value</label>
        <locationX>314</locationX>
        <locationY>395</locationY>
        <inputAssignments>
            <field>priority__c</field>
            <value>
                <stringValue>low</stringValue>
            </value>
        </inputAssignments>
        <inputReference>$Record</inputReference>
    </recordUpdates>
    <start>
        <locationX>56</locationX>
        <locationY>0</locationY>
        <connector>
            <targetReference>check_opp_amount</targetReference>
        </connector>
        <filterLogic>and</filterLogic>
        <filters>
            <field>Amount</field>
            <operator>GreaterThan</operator>
            <value>
                <numberValue>0.0</numberValue>
            </value>
        </filters>
        <object>Opportunity</object>
        <recordTriggerType>Create</recordTriggerType>
        <triggerType>RecordBeforeSave</triggerType>
    </start>
    <status>Draft</status>
</Flow>
