<?xml version="1.0" encoding="UTF-8"?>
<LightningComponentBundle xmlns="http://soap.sforce.com/2006/04/metadata">
    <apiVersion>59.0</apiVersion>
              <isExposed>true</isExposed>
              <masterLabel>Banner</masterLabel>
<targets>
  <target>lightning__AppPage</target>
  <target>lightning__RecordPage</target>
  <target>lightning__HomePage</target>
  <target>lightningCommunity__Page</target>
  <target>lightningCommunity__Default</target>
</targets>
  <targetConfigs>

    <targetConfig targets="lightningCommunity__Default" >

        <property name="backgroundImageUrl" type="String" default="https://bootstrapbrain.com/demo/components/heroes/hero-5/assets/img/hero-img-1.webp" label="Background Image" />

        <property name="heading" type="String" default="Dream of Success" label="Heading" />

        <property name="headingClr" type="Color" default="#fff" label="Heading Color" />

        <property name="subheading" type="String" default="There are three ways to ultimate success: The first way is to be kind. The second way is to be kind. The third way is to be kind" label="Sub Heading" />

        <property name="subheadingClr" type="Color" default="#fff" label="Sub Heading Color" />

        <property name="buttonText" type="String" default="Button" label="Button Text" />

         <property name="buttonRedirectUrl" type="String" default="" label="Button Url" />

        <property name="buttonClr" type="Color" default="#ddd" label="Button Color" />
 
        <property name="buttonTextClr" type="Color" default="#000" label="Button Text Color" />

        <property name="buttonborderClr" type="Color" default="#fff" label="Button Border Color" />

        <property name="buttonClrHvr" type="Color" default="#555" label="Button Color On Hover" />

        <property name="buttonTextClrHvr" type="Color" default="#fff" label="Button Text Color On Hover" />

        <property name="buttonBorderRadius" type="String" default="0px" label="Button Border Radius" />

        <property name="textAlign" type="String" default="Center" datasource="Left, Center, Right" label="Content Alignment" />



    </targetConfig>
  </targetConfigs>

</LightningComponentBundle>