<?xml version="1.0" encoding="UTF-8"?>
<LightningComponentBundle xmlns="http://soap.sforce.com/2006/04/metadata">
    <apiVersion>59.0</apiVersion>
    <isExposed>true</isExposed>
  <targets>
    <target>lightning__AppPage</target>
    <target>lightning__RecordPage</target>
    <target>lightning__HomePage</target>
    <target>lightningCommunity__Page</target>
    <target>lightningCommunity__Default</target>
  </targets>
   <targetConfigs>
      <targetConfig targets="lightningCommunity__Default">
          <property name="bntLabel" type="String" default="click"></property>
          <property type="ContentReference" name="contentId" label="Content ID"></property>
      </targetConfig>
  </targetConfigs>
</LightningComponentBundle>