<?xml version="1.0" encoding="UTF-8"?>
<LightningComponentBundle xmlns="http://soap.sforce.com/2006/04/metadata">
    <apiVersion>55.0</apiVersion>
    <isExposed>true</isExposed>
     <targets>
        <target>lightning__AppPage</target>
        <target>lightning__RecordPage</target>
        <target>lightning__HomePage</target>
        <target>lightningCommunity__Page</target>
        <target>lightningCommunity__Default</target>
    </targets> 
    <targetConfigs>

    <targetConfig targets="lightningCommunity__Default">

     
     <property name="positioncolor" type="Color"  default="#fff" label="Heading Background Color" /> 
     <property name="txtcolor"       type="Color"  default="#000000"  label="Heading Color" /> 
     <property name="bordercolor" type="Color"  default="#0000FF"  label="Card Border Color" /> 
     <property name="cardtxtcolor"     type="Color"  default="#0974DD"   label="Card Text Color" /> 
     <property name="hovercolor"        type="Color"  default="#0974DD" label="Card Background Color On Hover" /> 
     <property name="afterhovertxtcolor" type="Color"  default="#fff" label="Card Text Color On Hover" description="After hover text color" />
     <property name="posBgClr" type="Color"  default="#0974DD" label="Background Color" description="Change the background color of position title" />
     <property name="pagename"     type="String"     label="Api Name Of Template" default="TemplatePage__c"/> 


    </targetConfig>
    
    </targetConfigs>
</LightningComponentBundle>