<?xml version="1.0" encoding="UTF-8"?>
<LightningComponentBundle xmlns="http://soap.sforce.com/2006/04/metadata">
    <apiVersion>59.0</apiVersion>
           <isExposed>true</isExposed>
           <masterLabel>Job Listing Theme 1 Tempalte</masterLabel>
     <targets>
        <target>lightning__AppPage</target>
        <target>lightning__RecordPage</target>
        <target>lightning__HomePage</target>
        <target>lightningCommunity__Page</target>
        <target>lightningCommunity__Default</target>
    </targets> 

         <targetConfigs>

    <targetConfig targets="lightningCommunity__Default">


    <property name="headerBackgroundColor" type="color" default="#fafafa" label="Header Background Color" /> 

     <property name="headerHeadingColor" type="color" default="#666666" label="Header Heading Color" /> 

     <property name="headerSubHeadingColor" type="color" default="#666666" label="Header Sub Heading Color" /> 

     <property name="headerIconColor" type="color" default="#666666" label="Header Icon Color" /> 

     <property name="mainPageTitleColor" type="color" default="#666666" label="Main Page Title Color" /> 

     <property name="mainPageSubTitleColor" type="color" default="#666666" label="Main Page Sub Title Color" /> 





    <property name="buttonColor" type="Color" default="#fff" label="Button Color"/>

    <property name="buttonTextColor" type="Color" default="#494949" label="Button Text Color"/>

    <property name="buttonBorderColor" type="Color" default="#494949" label="Button Border Color"/>

    <property name="buttonColorOnHover" type="Color" default="#494949" label="Button Color On Hover"/>

    <property name="buttonTextColorOnHover" type="Color" default="#fff" label="Button Text Color On Hover"/>

    <property name="buttonBorderColorOnHover" type="Color" default="#494949" label="Button Border Color On Hover"/>




    </targetConfig>
    
    </targetConfigs>
</LightningComponentBundle>