<?xml version="1.0" encoding="UTF-8"?>
<LightningComponentBundle xmlns="http://soap.sforce.com/2006/04/metadata">
    <apiVersion>59.0</apiVersion>
      <isExposed>true</isExposed>
      <masterLabel>Testimonial</masterLabel>
    <targets>
<target>lightning__AppPage</target>
<target>lightning__RecordPage</target>
<target>lightning__HomePage</target>
<target>lightningCommunity__Page</target>
<target>lightningCommunity__Default</target>
</targets>

  <targetConfigs>
  <targetConfig targets="lightningCommunity__Default" >

  <property name="selectTestimonial" label="Select Theme" type="string" default="Theme 1"  datasource="Theme 1, Theme 2, Theme 3"/>

  <property name="heading" label="Heading" type="string" default="Testimonial" />

  <property name="headingClr" label="Heading Color" type="color" default="#454343" />

   <property name="headingUndLineClr" label="Heading Underline Color" type="color" default="#ff7f50" />

    <property name="subheading" label="Sub Heading" type="string" default="Set accurate Icon, add text, numerical data by trying out different layouts to showcase highlighted pointsSet accurate Icon, add text,Set accurate Icon, add text, numerical data by trying " />

  <property name="subheadingClr" label="Sub Heading Color" type="color" default="#454343" />

    <property name="backgroundclr2" label="Theme 2 Background Color" type="color" default="#E2E6EB" />

    <property name="cardbackgroundclr" label="Theme 2 Card Background Color" type="color" default="#F9FBFC" />

    <property name="cardHeadingclr" label="Theme 2 Card Heading Color" type="color" default="#25262C" />

    <property name="cardSubHeadingclr" label="Theme 2 Card Sub Heading Color" type="color" default="#959EAF" />

 <property name="backgroundclr3" label="Theme 3 Background Color" type="color" default="#E2E6EB" />

 <property name="cardbackgroundclr3" label="Theme 3 Card Background Color" type="color" default="#FAFAFA" />

     <property name="cardHeadingclr3" label="Theme 3 Card Heading Color" type="color" default="#4E4D4D" />

    <property name="cardSubHeadingclr3" label="Theme 3 Card Sub Heading Color" type="color" default="#4E4D4D" />

 
  </targetConfig>
  </targetConfigs>
</LightningComponentBundle>