<?xml version="1.0" encoding="UTF-8"?>
<LightningComponentBundle xmlns="http://soap.sforce.com/2006/04/metadata">
    <apiVersion>59.0</apiVersion>
   <isExposed>true</isExposed>
   <masterLabel>Image With Text</masterLabel>
     <targets>
        <target>lightning__AppPage</target>
        <target>lightning__RecordPage</target>
        <target>lightning__HomePage</target>
        <target>lightningCommunity__Page</target>
        <target>lightningCommunity__Default</target>
    </targets>

     <targetConfigs> 
        <targetConfig targets="lightningCommunity__Default">

         <property name="selectTheme" type="String" datasource="Theme 1, Theme 2" default="Theme 1" label="Select Theme"/>

        <property name="imageurl" type="String" default="https://cdn.dribbble.com/users/1386214/screenshots/5546601/newfeatures_2.gif" label="Image Url "/>

         <property name="heading" type="String" default="Feature List Style 01" label="Heading "/>
        
        <property name="headingclr" type="Color"  default="#4F6592"  label="Heading Color" /> 
            
        <property name="headingfontfamily" type="String" default="Sans-serif" datasource="Sans-serif,Poppins,ui-serif,system-ui,fantasy,cursive,monospace,serif,unset,revert,initial,inherit,fangsong,math,emoji,ui-monospace,ui-sans-serif,ui-serif"  label="Heading Font Family" /> 

        <property name="subheading" type="String" default="Applying advance design of feature list to make it look appealing for visitors to take their immediate purchase decision Applying advance design of feature list to make it look appealing for visitors to take their immediate purchase decision 
        Applying advance design of feature list to make it look appealing for visitors to take their immediate purchase decision" label="Sub Heading"/>
            
        <property name="subheadingcolor" type="Color"  default="#808080" label="Sub Heading Color" />        
           
        <property name="subheadingfontfamily" type="String" default="Sans-serif" datasource="Sans-serif,Poppins,ui-serif,system-ui,fantasy,cursive,monospace,serif,unset,revert,initial,inherit,fangsong,math,emoji,ui-monospace,ui-sans-serif,ui-serif" label="Sub Heading Font Family" /> 


        <property name="buttonColor" type="Color"  default="#fff" label="Button Color" /> 

        <property name="buttonText" type="String" default="Learn more" label="Button Text" /> 

        <property name="buttonTextColor" type="Color"  default="#000" label="Button Text Color" /> 

        <property name="buttonBorderColor" type="Color"  default="#8B9990" label="Button Border Color" /> 


        <property name="redirectUrl" type="String" default="https://google.com" label="Button Url" /> 


    </targetConfig>
    </targetConfigs>
</LightningComponentBundle>