<?xml version="1.0" encoding="UTF-8"?>
<LightningComponentBundle xmlns="http://soap.sforce.com/2006/04/metadata">
    <apiVersion>58.0</apiVersion>
    <isExposed>true</isExposed>
    <masterLabel> Feature List Theme 2 </masterLabel>

     <targets>
        <target>lightning__AppPage</target>
        <target>lightning__RecordPage</target>
        <target>lightning__HomePage</target>
        <target>lightningCommunity__Page</target>
        <target>lightningCommunity__Default</target>
    </targets>
    <targetConfigs>
            <targetConfig targets="lightningCommunity__Default">

            <property name="heading" type="String" default="Feature List Style 03" label="Enter Heading "/>
            <property name="headingclr" type="Color"  default="#4F6592"  label="Heading Color" /> 
            <property name="headingsize" type="String"  default="36px"  label="Heading Size" /> 
            <property name="content" type="String" default="Choose the feature list icon shape to Circular, change icon alignment and style it in advance to make it look outstanding and more engaging for buyers" label="Enter Sub Heading"/>
            <property name="contentclr" type="Color"  default="#5F77A7"  label="Sub Heading Color" /> 
            <property name="contentsize" type="String"  default="18px"  label="Sub Heading Size" /> 
            <property name="imageurl" type="String" default="https://cdn.dribbble.com/users/4341791/screenshots/8574595/media/3cbca4ba607b111c4d4702f210062a62.gif" label="Enter The Image Url" /> 
            <property name="backgroundcircleclr" type="Color"  default="#31AAE2"  label="Circle Background Color" /> 
            <property name="backgroundcircleclr1" type="Color"  default="#31AAE2"  label="Circle Background Color" /> 
            <property name="headingfontfamily" type="String" default="Sans-serif "  datasource="Sans-serif,Poppins,ui-serif,system-ui,fantasy,cursive,monospace,serif,unset,revert,initial,inherit,fangsong,math,emoji,ui-monospace,ui-sans-serif,ui-serif"  label="Heading Font Family" /> 
            <property name="featurefontfamily" type="String" default="Sans-serif "  datasource="Sans-serif,Open Sans,Poppins,ui-serif,system-ui,fantasy,cursive,monospace,serif,unset,revert,initial,inherit,fangsong,math,emoji,ui-monospace,ui-sans-serif,ui-serif"  label="Sub Heading Font Family" /> 

<!-- first feature property -->
            <property name="title" type="String" default="Get to know where we live" label="Enter First Features Heading "/>
            <property name="titlecolor" type="Color" default="#4F6592" label="Heading Color "/>
            <property name="feature" type="String" default="A simplified version of Info but comes with powerful features." label="Enter First Features Sub Heading"/>
            <property name="featurecolor" type="Color" default='#5F77A7' label="Feature Sub Heading Color "/>
            <property name="imageicon" type="String" default="https://cdn-icons-png.flaticon.com/512/1085/1085821.png" label="Enter Image Icon Url" /> 
<!-- Second feature property -->
            <property name="title2" type="String" default="Experience The Huge Difference" label="Enter Second Features Heading "/> 
              <property name="titlecolor1" type="Color" default="#4F6592"  label="Heading Color "/>    
            <property name="feature2" type="String" default="A simplified version of Info but comes with powerful features." label="Enter Second Features Sub Heading"/>
             <property name="featurecolor1" type="Color" default='#5F77A7' label="Feature Sub Heading Color "/>
            <property name="imageicon1" type="String" default="https://cdn-icons-png.flaticon.com/512/1085/1085821.png"  label="Enter Image Icon Url" /> 

<!-- third feature property -->  
            <property name="title3" type="String" default="Experience The Huge Difference" label="Enter Third Features Heading "/>    
              <property name="titlecolor2" type="Color" default="#4F6592" label="Heading Color "/> 
            <property name="feature3" type="String" default="A simplified version of Info but comes with powerful features." label="Enter Third Features Sub Heading"/>
             <property name="featurecolor2" type="Color" default='#5F77A7' label="Feature Sub Heading Color "/>
            <property name="imageicon2" type="String" default="https://cdn-icons-png.flaticon.com/512/1085/1085821.png"  label="Enter Image Icon Url" /> 

<!-- four feature property -->
            <property name="title4" type="String" default="Voted Best of 2020" label="Enter Four Features Heading "/>    
              <property name="titlecolor3" type="Color" default="#4F6592" label="Heading Color "/> 
            <property name="feature4" type="String" default="A simplified version of Info but comes with powerful features." label="Enter Four Features Sub Heading"/>
             <property name="featurecolor3" type="Color" default='#5F77A7' label="Feature Sub Heading Color "/>
            <property name="imageicon3" type="String" default="https://cdn-icons-png.flaticon.com/512/1085/1085821.png" label="Enter image icon url" /> 

<!-- five feature property -->
            <property name="title5" type="String" default="Get to know where we live" label="Enter Fifth Features Heading "/>  
              <property name="titlecolor4" type="Color" default="#4F6592" label="Heading Color "/>   
            <property name="feature5" type="String" default="A simplified version of Info but comes with powerful features." label="Enter Fifth Features Sub Heading"/>
             <property name="featurecolor4" type="Color" default='#5F77A7' label="Feature Sub Heading Color "/>
            <property name="imageicon4" type="String" default="https://cdn-icons-png.flaticon.com/512/1085/1085821.png"  label="Enter image icon url" /> 

<!-- sixth feature property -->
            <property name="title6" type="String" default="Experience The Huge Difference" label="Enter six features Heading "/>     
              <property name="titlecolor5" type="Color" default="#4F6592" label="Heading Color "/>
            <property name="feature6" type="String" default="A simplified version of Info but comes with powerful features." label="Enter six features Sub Heading"/>
             <property name="featurecolor5" type="Color" default='#5F77A7' label="Feature Sub Heading Color "/>
            <property name="imageicon5" type="String" default="https://cdn-icons-png.flaticon.com/512/1085/1085821.png"  label="Enter Image Icon Url" /> 

<!-- seven feature property -->
            <property name="title7" type="String" default="Experience The Huge Difference" label="Enter Seven Features Heading "/>   
              <property name="titlecolor6" type="Color" default="#4F6592" label="Heading Color "/>  
            <property name="feature7" type="String" default="A simplified version of Info but comes with powerful features." label="Enter Seven Features Sub Heading"/>
             <property name="featurecolor6" type="Color" default='#5F77A7' label="Feature Sub Heading Color "/>
            <property name="imageicon6" type="String" default="https://cdn-icons-png.flaticon.com/512/1085/1085821.png" label="Enter image icon url" /> 

<!-- eight feature property -->
            <property name="title8" type="String" default="Voted Best of 2020" label="Enter Eight Features Heading "/>   
              <property name="titlecolor7" type="Color" default="#4F6592" label="Heading Color "/>  
            <property name="feature8" type="String" default="A simplified version of Info but comes with powerful features." label="Enter Eight Features Sub Heading"/>
             <property name="featurecolor7" type="Color" default='#5F77A7' label="Feature Sub Heading Color "/>
            <property name="imageicon7" type="String"  default="https://cdn-icons-png.flaticon.com/512/1085/1085821.png" label="Enter Image Icon Url" /> 



            </targetConfig>
     </targetConfigs>
       
</LightningComponentBundle>