<?xml version="1.0" encoding="UTF-8"?>
<LightningComponentBundle xmlns="http://soap.sforce.com/2006/04/metadata">
    <apiVersion>55.0</apiVersion>
    <isExposed>true</isExposed>
    <targets>
        <target>lightningCommunity__Page</target>
        <target>lightningCommunity__Default</target>
    </targets>
    <targetConfigs>
        <targetConfig targets="lightningCommunity__Default">

        <property name="url1" type="String" default="https://zehntechtechnologies-c-dev-ed--c.develop.vf.force.com/resource/1671001482000/Flyjet_Image?" label="Enter Image 1"/>
        <property name="url2" type="String" default="https://images.wallpaperscraft.com/image/single/airplane_window_porthole_150439_3840x2400.jpg" label="Enter Image 2"/>
        <property name="url3" type="String" default="https://c.stocksy.com/a/xdB400/z9/998073.jpg" label="Enter Image 3"/>
        <property name="url4" type="String" default="https://wallpapers.com/images/featured/airport-w6v47yjhxcohsjgf.jpg" label="Enter Image 4"/>
        <property name="url5" type="String" default="https://images.hdqwalls.com/download/airplane-wings-1920x1080.jpg" label="Enter Image 5"/>


        <property name="hov_color" type="Color" default="#FF7A1B" label="Set Hovering Color"/>
        <property name="slider_color" type="Color" default="black" label="Set Slider Color"/>

        <property name="slide1" type="String" default="Luxury and Comfort" label="Enter Slide1 text"/>
        <property name="slide2" type="String" default="Luxury and Comfort" label="Enter Slide2 text"/>
        <property name="slide3" type="String" default="Safety and Security" label="Enter Slide3 text"/>
        <property name="slide4" type="String" default="All about the Globe" label="Enter Slide4 text"/>
        <property name="slide5" type="String" default="Experianced Crew" label="Enter Slide5 text"/>

    




    </targetConfig>
</targetConfigs>
</LightningComponentBundle>