<LightningComponentBundle xmlns="http://soap.sforce.com/2006/04/metadata"
  fqn="alignmentCPE">
  <apiVersion>58.0</apiVersion>
  <isExposed>true</isExposed>
  <masterLabel>Alignment Editor Component</masterLabel>
  <targets>
      <target>lightningCommunity__Page</target>
      <target>lightningCommunity__Default</target>
   

  </targets>
 <targetConfigs>
      <targetConfig targets="lightningCommunity__Default" >
          <property name="bordercolor" type="Color" default="blue" label="Border color" />
          <property name="textcolor" type="Color" default="red" label="Text color" />
          <property name="inputPropertyName" label="Input Property" default="red" type="String" />
          <property name="paddingOnText" label="Padding" default="" type="String" />
          <property name="FontSize" label="Font Size" default="" type="String" />
          <property name="FontFamily" type="String" default="" label="Font Family" 
               datasource="Times New Roman, Lucida Console, 	Copperplate, Courier New, Lucida Handwriting" />
          <property name="TextAllignment1" label="Alignment1" default="left" type="string" datasource="left, center ,right" />
          <property name="bordercolor1" type="Color" default="red" label="Button Border color" />
          <property name="buttonAllignment" label="Alignment" default="" type="string" datasource="left, center ,right" />
      
          <property
           name="opacity" type="Integer"
                label="Overlay Opacity"
                description="How dark the overlay should be. 0 (no overlay) - 1 (completely dark)"
                min="0"
                max="10"
                default="5"
            />
          <property name="richText" type="lightning__richTextType" default="" label="Rich TExt Editor" />

         <property name="Date" type="lightning__dateType" default="" label="Date Type" />
          <property name="richTextProperty" type="lightning__richTextType"
            default="&gt;&lt;strong&gt;bold text&lt;/strong&gt;" />
      <!-- <design:attribute name="backgroundLayout" label="Background Layout" default="" type="string" datasource="BackgroundLayoutsDatasource">
         <property name="bordercolor1" type="Color" default="red" label="Button Border color" />
      </design:attribute> --> 
 

 
      </targetConfig>

  </targetConfigs>

</LightningComponentBundle>