<?xml version="1.0" encoding="UTF-8"?>
<LightningComponentBundle xmlns="http://soap.sforce.com/2006/04/metadata">
    <apiVersion>59.0</apiVersion>
    <isExposed>true</isExposed>
    <targets>
        <target>lightning__AppPage</target>
        <target>lightning__RecordPage</target>
        <target>lightning__HomePage</target>
        <target>lightningCommunity__Page</target>
        <target>lightningCommunity__Default</target>
    </targets>
    <targetConfigs>
        <targetConfig targets="lightningCommunity__Default">

            <!-- Select Progresssbar theme -->
            <property name="progressbarthemetype" type="String" label="Select Theme" datasource="Theme 1, Theme 2"/>
        
            <!-- Theme One Properties -->

            <property name="themeoneheaderheadingtag" type="String" label="Theme 1 Header Title" default="Technologies We Are Fluent In"/>
            <property name="themeOneheaderheadingtagFontColor" type="Color" label="Theme 1 Header Title Color"/>
            <property name="themeOneheaderheadingFontFamily" type="String" label="Theme 1 Header Title Font Family" default="Sans-serif" datasource="Sans-serif, Helvetica,Arial,Arial Black ,Verdana ,Tahoma ,Trebuchet MS,Impact ,Gill Sans ,Times New Roman ,Georgia, Palatino, Baskerville, Andalé Mono, Courier, Lucida, Monaco, Bradley Hand, Brush Script MT, Luminari, Comic Sans MS"/>
            
            <property name="themeoneheaderparagraphtag" type="String" label="Theme 1 Header Sub Title" default="We leverage the best technological capabilities and offer healthcare IT solutions that cater to excellent medical experiences."/>
            <property name="themeOneheaderparagraphtagFontColor" type="Color" label="Theme 1 Header Sub Title Font Color" default="Black"/>
            <property name="themeOneheaderparagraphtagFontFamily" type="String" label="Theme 1 Header Sub Title Font Family" default="Sans-serif" datasource="Sans-serif, Helvetica,Arial,Arial Black ,Verdana ,Tahoma ,Trebuchet MS,Impact ,Gill Sans ,Times New Roman ,Georgia, Palatino, Baskerville, Andalé Mono, Courier, Lucida, Monaco, Bradley Hand, Brush Script MT, Luminari, Comic Sans MS"/>

            <!-- Cards -->
            <property name="themeOneCardsTitleFontColor" type="Color" default="Black" label="Theme 1 Cards Title Font Color" />
            <property name="themeOneCardsTitleFontFamily" type="String" default="Sans-serif" label="Theme 1 Cards Title Font Family" datasource="Sans-serif, Helvetica,Arial,Arial Black ,Verdana ,Tahoma ,Trebuchet MS,Impact ,Gill Sans ,Times New Roman ,Georgia, Palatino, Baskerville, Andalé Mono, Courier, Lucida, Monaco, Bradley Hand, Brush Script MT, Luminari, Comic Sans MS" />

            <property name="themeOneCardsDescriptionFontColor" type="Color" default="Black" label="Theme 1 Cards Description Font Color"/>
            <property name="themeOneCardsDescriptionFontFamily" type="String" default="Sans-serif" label="Theme 1 Cards Description Font Family" datasource="Sans-serif, Helvetica,Arial,Arial Black ,Verdana ,Tahoma ,Trebuchet MS,Impact ,Gill Sans ,Times New Roman ,Georgia, Palatino, Baskerville, Andalé Mono, Courier, Lucida, Monaco, Bradley Hand, Brush Script MT, Luminari, Comic Sans MS" />
            
            <!-- Card 1 property -->
            <property name="themeoneprogressbar1tempValue" type="String" label="Theme 1 Card 1 Progressbar Value" default="50" />
            <property name="themeonefirstprogressbarfillingcolor" type="Color" label="Theme 1 Card 1 Progressbar Filling Color" default="rgb(58, 181, 237)"/>
            <property name="themeonefirstprogressbarfillingbackgroundcolor" type="Color" label="Theme 1 Card 1 Progressbar Filling Background Color" default="rgb(217, 241, 253)"/>
            <property name="themeoneh2tag1" type="String" label="Theme 1 Card 1 Title" default="Web Development" />
            <property name="themeoneptag1" type="String" label="Theme 1 Card 1 Description" default="aliquet elit nulla sed massa. Ut cursus massa urnaaculis estieed." />

            <!-- Card 2 property -->
            <property name="themeoneprogressbar2tempValue" type="String" label="Theme 1 Card 2 Progressbar Value" default="75"/>
            <property name="themeonesecondprogressbarfillingcolor" type="Color" label="Theme 1 Card 2 Progressbar 2 Filling Color" default="rgb(250, 115, 149)"/>
            <property name="themeonesecondprogressbarfillingbackgroundcolor" type="Color" label="Theme 1 Card 2 Progressbar Filling Background Color" default="rgb(244, 231, 239)"/>
            <property name="themeoneh2tag2" type="String" label="Theme 1 Card 2 Title" default="Applications" />
            <property name="themeoneptag2" type="String" label="Theme 1 Card 2 Description" default="aliquet elit nulla sed massa. Ut cursus massa urnaaculis estieed." />

            <!-- Card 3 property -->
            <property name="themeoneprogressbar3tempValue" type="String" label="Theme 1 Card 3 Progressbar Value" default="27"/>
            <property name="themeonethirdprogressbarfillingcolor" type="Color" label="Theme 1 Card 3 Progressbar 3 Filling Color" default="rgb(129, 131, 254)"/>
            <property name="themeonethirdprogressbarfillingbackgroundcolor" type="Color" label="Theme 1 Card 3 Progressbar Filling Background Color" default="rgb(226, 232, 255)"/>
            <property name="themeoneh2tag3" type="String" label="Theme 1 Card 3 Title" default="Creativity" />
            <property name="themeoneptag3" type="String" label="Theme 1 Card 3 Description" default="aliquet elit nulla sed massa. Ut cursus massa urnaaculis estieed." />

            <!-- Card 4 property -->
            <property name="themeoneprogressbar4tempValue" type="String" label="Theme 1 Card4 Progressbar Value" default="63"/>
            <property name="themeonefourthprogressbarfillingcolor" type="Color" label="Theme 1 Card 4 Progressbar Filling Color" default="rgb(70, 221, 185)"/>
            <property name="themeonefourthprogressbarfillingbackgroundcolor" type="Color" label="Theme 1 Card 4 Progressbar Filling Background Color" default="rgb(212, 245, 242)"/>
            <property name="themeoneh2tag4" type="String" label="Theme 1 Card 4 Title" default="SEO Marketing" />
            <property name="themeoneptag4" type="String" label="Theme 1 Card 4 Description" default="aliquet elit nulla sed massa. Ut cursus massa urnaaculis estieed." />

            <!-- /////////////////////////////////////////////////////////////////////////////////////////////////////////////////////////////////////////////////////////////////////////////////////////////////////// -->
            <!-- Theme Two Properties -->
            
            <property name="themetwoheaderheadingtag" type="String" label="Theme 2 Header Title" default="Technologies We Are Fluent In"/>
            <property name="themetwoheaderheadingFontFamily" type="String" default="Sans-serif" datasource="Sans-serif, Helvetica,Arial,Arial Black ,Verdana ,Tahoma ,Trebuchet MS,Impact ,Gill Sans ,Times New Roman ,Georgia, Palatino, Baskerville, Andalé Mono, Courier, Lucida, Monaco, Bradley Hand, Brush Script MT, Luminari, Comic Sans MS"/>
            <property name="themetwoheaderheadingFontColor" type="Color" default="black" />

            <property name="themetwoheaderparagraphtag" type="String" label="Theme 2 Header Title Color" default="We leverage the best technological capabilities and offer healthcare IT solutions that cater to excellent medical experiences."/>
            <property name="themetwoheaderparagraphtagFontFamily" type="String" default="Sans-serif" datasource="Sans-serif, Helvetica,Arial,Arial Black ,Verdana ,Tahoma ,Trebuchet MS,Impact ,Gill Sans ,Times New Roman ,Georgia, Palatino, Baskerville, Andalé Mono, Courier, Lucida, Monaco, Bradley Hand, Brush Script MT, Luminari, Comic Sans MS"/>
            <property name="themetwoheaderparagraphtagFontColor" type="Color" default="black" />

            <!-- Card 1 property -->
            <property name="themetwoprogressbar1tempValue" type="String" label="Theme 2 Card 1 Progressbar 1 Value" default="90" />
            <property name="themetwocard1backgroundcolor" type="Color" label="Theme 2 Card 1 Background Color" default="rgb(93,214,247)"/>
            <property name="themetwofirstprogressbarfillingcolor" type="Color" label="Theme 2 Card 1Progressbar Filling Color" default="rgb(255,255,255)"/>
            <property name="themetwofirstprogressbarfillingbackgroundcolor" type="Color" label="Theme 2 Card 1 Progressbar Filling Background Color" default="rgb(96,204,233)"/>
            <property name="themetwoh2tag1" type="String" label="Theme 2 Card 1 Title" default="Web Development" />
            <property name="themetwoh2tag1textcolor" type="Color" label="Theme 2 Card 1 Title Color"  default="rgb(255,255,255)"/>
            
            <!-- Card 2 property -->
            <property name="themetwoprogressbar2tempValue" type="String" label="Theme 2 Card 2 Progressbar 2 Value" default="63"/>
            <property name="themetwocard2backgroundcolor" type="Color" label="Theme 2 Select Card 2 Background Color" default="rgb(251,120,181)"/>
            <property name="themetwosecondprogressbarfillingcolor" type="Color" label="Theme 2 Enter Progressbar Filling Color" default="rgb(255,255,255)"/>
            <property name="themetwosecondprogressbarfillingbackgroundcolor" type="Color" label="Theme 2 Enter Progressbar Filling Background Color" default="rgb(226,118,181)"/>
            <property name="themetwoh2tag2" type="String" label="Theme 2 Enter Title" default="Applications" />
            <property name="themetwoh2tag2textcolor" type="Color" label="Theme 2 Select Title Color"  default="rgb(255,255,255)"/>

            <!-- Card 3 property -->
            <property name="themetwoprogressbar3tempValue" type="String" label="Theme 2 Progressbar 3 value" default="31"/>
            <property name="themetwocard3backgroundcolor" type="Color" label="Theme 2 Card 3 Background Color" default="rgb(171,129,250)"/>
            <property name="themetwothirdprogressbarfillingcolor" type="Color" label="Theme 2 Card 3 Progressbar Filling Color" default="rgb(255,255,255)"/>
            <property name="themetwothirdprogressbarfillingbackgroundcolor" type="Color" label="Theme 2 Card 3 Progressbar Filling Background Color" default="rgb(168,125,235)"/>
            <property name="themetwoh2tag3" type="String" label="Theme 2 Card 3 Title" default="Creativity" />
            <property name="themetwoh2tag3textcolor" type="Color" label="Theme 2 Card 3 Title Color"  default="rgb(255,255,255)"/>

            <!-- Card 4 property -->
            <property name="themetwoprogressbar4tempValue" type="String" label="Theme 2 Card 4 Progressbar 4 Value" default="51"/>
            <property name="themetwocard4backgroundcolor" type="Color" label="Theme 2 Card 4 Background Color" default="rgb(102,238,186)"/>
            <property name="themetwofourthprogressbarfillingcolor" type="Color" label="Theme 2 Card 4 Progressbar Filling Color" default="rgb(255,255,255)"/>
            <property name="themetwofourthprogressbarfillingbackgroundcolor" type="Color" label="Theme 2 Card 4 Progressbar Filling Background Color" default="rgb(103,219,180)"/>
            <property name="themetwoh2tag4" type="String" label="Theme 2 Enter Title" default="SEO Marketing" />
            <property name="themetwoh2tag4textcolor" type="Color" label="Theme 2 Select Title Color"  default="rgb(255,255,255)"/>
        </targetConfig>
    </targetConfigs> 
</LightningComponentBundle>